{
    "trimethylammonio": "*[N+](C)(C)C",
    "icosanoyl": "*C(=O)CCCCCCCCCCCCCCCCCCC",
    "benzoyl": "*C(=O)c1ccccc1",
    "butyryl": "*C(=O)CCC",
    "carbamoyl": "*C(N)=O",
    "carbonyl": "*C(*)=O",
    "citraconoyl": "*C(=O)/C([H])=C(/C)C(*)=O",
    "formimidoyl": "*C([H])=N",
    "muramyl": "*C(=O)[C@@H](C)O[C@@]([H])([C@]([H])(O)[C@]([H])(O)CO)[C@@]([H])(N)C=O",
    "tetradecanoyl": "*C(=O)CCCCCCCCCCCCC",
    "palmityl": "*CCCCCCCCCCCCCCCC",
    "pteroylglutamyl": "*OC(=O)CC[C@H](NC(=O)c1ccc(NCc2cnc3nc(N)nc(=O)c3n2)cc1)C(=O)O",
    "thiol": "*S[H]",
    "sulfo": "*S(=O)(=O)O",
    "disulfanyl": "*SS",
    "linoleoyl": "*C(=O)CCCCCCC/C=CC/C=CCCCCC",
    "methyl": "*C",
    "phosphate": "*OP(=O)(O)O",
    "ethyl": "*CC",
    "acetyl": "*C(C)=O",
    "butyl": "[*:1]CCCC",
    "carboxymethyl": "*CC(=O)O",
    "ethoxy": "*OCC",
    "formyl": "*C([H])=O",
    "fluoro": "*F",
    "hydroxy": "*O[H]",
    "iodo": "*I",
    "methylamino": "*N([H])C",
    "methoxy": "*OC",
    "pyruvoyl": "*C(=O)C(C)=O",
    "sulfonato": "*S(=O)(=O)[O-]",
    "trimethylene": "*CCC*",
    "trifluoroacetyl": "*C(=O)C(F)(F)F",
    "oxo": "*=O",
    "carboxy": "*C(=O)O",
    "bromo": "*Br",
    "chloro": "*Cl",
    "phosphono": "*P(=O)(O)O",
    "carbamoylamino": "*NC(N)=O",
    "triflate": "*OS(=O)(=O)C(F)(F)F",
    "guanidino": "*NC(=N)N",
    "methylsulfanyl": "*SC",
    "cyano": "*C#N",
    "methylene": "*C*",
    "trimethylsilyl": "*[Si](C)(C)C",
    "triisopropylsilyl": "*[Si](C(C)C)(C(C)C)C(C)C",
    "benzyloxycarbonyl": "*C(=O)OCc1ccccc1",
    "brosyl": "*S(=O)(=O)c1ccc(Br)cc1",
    "nosyl": "*S(=O)(=O)c1ccc([N+](=O)[O-])cc1",
    "glyoxylate": "*C(=O)C(=O)[O-]",
    "ethoxycarbonyl": "*C(=O)OCC",
    "trityl": "*C(c1ccccc1)(c1ccccc1)c1ccccc1",
    "quininyl": "*O[C@H](c1ccnc2ccc(OC)cc12)[C@]1([H])C[C@@H]2CC[N@@]1C[C@@H]2C=C",
    "phenylsulfonyl": "*S(=O)(=O)c1ccccc1",
    "phosphocholine": "*OP(=O)(O)OCC[N+](C)(C)C",
    "H": "*[H]",
    "diphosphate": "*OP(=O)(O)OP(=O)(O)O",
    "CHOH": "*C(*)O",
    "dodecanoyl": "*C(=O)CCCCCCCCCCC",
    "tosyl": "*S(=O)(=O)c1ccc(C)cc1",
    "chloroacetyl": "*C(=O)CCl",
    "5'-adenosyl": "*C[C@H]1O[C@@H](n2cnc3c(N)ncnc32)[C@H](O)[C@@H]1O",
    "5'-adenylyl": "*P(=O)(O)OC[C@H]1O[C@@H](n2cnc3c(N)ncnc32)[C@H](O)[C@@H]1O",
    "2-aminoethyl": "*CCN",
    "5'-cytidylyl": "*P(=O)(O)OC[C@H]1O[C@@H](n2ccc(N)nc2=O)[C@H](O)[C@@H]1O",
    "\u03b3-glutamyl": "*C(=O)CCC(N)C(=O)O",
    "5'-guanylyl": "*P(=O)(O)OC[C@H]1O[C@@H](n2cnc3c(=O)nc(N)nc32)[C@H](O)[C@@H]1O",
    "5'-inosinyl": "*P(=O)(O)OC[C@H]1O[C@@H](n2cnc3c(O)ncnc32)[C@H](O)[C@@H]1O",
    "5'-ribothymidylyl": "*P(=O)(O)OC[C@H]1O[C@@H](n2cc(C)c(=O)nc2=O)[C@H](O)[C@@H]1O",
    "5'-thymidylyl": "*P(=O)(O)OC[C@H]1O[C@@H](n2cc(C)c(=O)nc2=O)[C@H](O)[C@@H]1O",
    "5'-uridylyl": "*P(=O)(O)OC[C@H]1O[C@@H](n2ccc(=O)nc2=O)[C@H](O)[C@@H]1O",
    "5'-inosinylyl": "*P(=O)(O)OC[C@H]1O[C@@H](N2C=NC3=C(O)N=CNC32)[C@H](O)[C@@H]1O",
    "3-hydroxypropoxy": "*OCCCO",
    "2-hydroxyethyl": "*CCO",
    "2-chloroethyl": "*CCCl",
    "6-aminopenicilloyl": "*C(=O)[C@@H](N)[C@]1([H])N[C@@H](C(=O)O)C(C)(C)S1",
    "cytosin1-yl": "*n1ccc(N)nc1=O",
    "benzylpenamidyl": "*C(=O)N1[C@@H](C(=O)O)C(C)(C)S[C@]1([H])[C@H](NC(=O)Cc1ccccc1)C(=O)O",
    "benzylpenicillenyl": "*SC(C)(C)C(N/C=C1/N=C(Cc2ccccc2)OC1=O)C(=O)O",
    "benzylpenicanyl": "*C(=O)[C@@H]1N2C(=O)[C@@H](NC(=O)Cc3ccccc3)[C@@]2([H])SC1(C)C",
    "benzylpenamaldate": "*SC(C)(C)C(/N=C/C(NC(=O)Cc1ccccc1)C(=O)O)C(=O)O",
    "glycidyl": "*CC1CO1",
    "hexyl": "*CCCCCC",
    "oleoyl": "*C(=O)CCCCCCC/C=CCCCCCCCC",
    "palmitoleoyl": "*C(=O)CCCCCCC/C=CCCCCCC",
    "methylenecarbonyl": "*CC(*)=O",
    "glyciniumyl": "*C(=O)C[NH3+]",
    "4,4'-dimethoxytriphenylmethyl": "*C(c1ccccc1)(c1ccc(OC)cc1)c1ccc(OC)cc1",
    "3-carboxypropanoyl": "*C(=O)CCC(=O)O",
    "primary amino": "*N",
    "phosphate (2\u2212)": "*OP(=O)([O-])[O-]",
    "diphosphate (3\u2212)": "*OP(=O)([O-])OP(=O)([O-])[O-]",
    "triphosphate (4\u2212)": "*OP(=O)([O-])OP(=O)([O-])OP(=O)([O-])[O-]",
    "lipoyl": "*C(=O)CCCCC1CCSS1",
    "adenin-9-yl": "*n1cnc2c(N)ncnc21",
    "2-(trimethylsilyl)ethoxymethyl": "*COCC[Si](C)(C)C",
    "2-oxobutanoyl": "*C(=O)C(=O)CC",
    "\u03b1-linolenoyl": "*C(=O)CCCCCCC/C=CC/C=CC/C=CCC",
    "secondary amino": "*N([1*])[H]",
    "tertiary amino": "*N([1*])[2*]",
    "1-pyrrolyl": "*n1cccc1",
    "4-chlorobenzoyl": "*C(=O)c1ccc(Cl)cc1",
    "2-chlorobenzoyl": "*C(=O)c1ccccc1Cl",
    "3-oxopalmitoyl": "*C(=O)CC(=O)CCCCCCCCCCCCC",
    "<small>D</small>-glucuronoyl": "*C(=O)[C@H](O)[C@@H](O)[C@H](O)[C@H](O)C(=O)O",
    "(<i>R</i>)-dihydrolipoyl": "*C(=O)CCCC[C@@H](S)CCS",
    "(fluoren-9-ylmethoxy)carbonyl": "*C(=O)OCC1([H])c2ccccc2-c2ccccc21",
    "<em>tert</em>-butyldiphenylsilyl": "*[Si](c1ccccc1)(c1ccccc1)C(C)(C)C",
    "<em>tert</em>-butyldimethylsilyl": "*[Si](C)(C)C(C)(C)C",
    "2-carboxy-4,6-dinitrophenyl": "*c1c(C(=O)O)cc([N+](=O)[O-])cc1[N+](=O)[O-]",
    "<small>D</small>-glucosyl": "*C1O[C@H](CO)[C@@H](O)[C@H](O)[C@H]1O",
    "imidazol-1-yl": "*n1ccnc1",
    "indol-1-yl": "*n1ccc2ccccc21",
    "3'-glycyladenylyl zwitterionic": "*P(=O)([O-])OC[C@H]1O[C@@H](n2cnc3c(N)ncnc32)[C@H](O)[C@@H]1OC(=O)C[NH3+]",
    "dolichyl diphosphate (2\u2212)": "*OP(=O)([O-])OP(=O)([O-])OCCC(C)CC/C=C(/C)CC/C=C(C)CC/C=C(C)CCC=C(C)C",
    "<em>N</em>-methylcarbamoyl": "*C(=O)NC",
    "<em>tert</em>-butoxycarbonyl": "*C(=O)OC(C)(C)C",
    "\u03b2-aspartyl": "*C(=O)CC(N)C(=O)O",
    "3-oxoacyl": "*C(=O)CC(*)=O",
    "oleyl": "*CCCCCCCC/C=CCCCCCCCC",
    "prenyl": "*CC=C(C)C",
    "\u03b2-<small>D</small>-glucopyranosyloxy": "*O[C@@H]1O[C@H](CO)[C@@H](O)[C@H](O)[C@H]1O",
    "<em>N</em>-substituted aminocarbonyl": "*C(=O)N([1*])[2*]",
    "prop-2-yn-1-yl": "*CC#C",
    "5'-uridylyl(1\u2212)": "*P(=O)([O-])OC[C@H]1O[C@@H](n2ccc(=O)nc2=O)[C@H](O)[C@@H]1O",
    "<em>N</em>-tetradecanoylglycyl": "*C(=O)CNC(=O)CCCCCCCCCCCCC",
    "<em>N</em>-hexadecanoylglycyl": "*C(=O)CNC(=O)CCCCCCCCCCCCCCC",
    "(<i>R</i>)-lactoyl": "*C(=O)[C@@H](C)O",
    "7,8-dihydro-8-oxoguanyl": "*n1c(=O)nc2c(=O)nc(N)nc21",
    "<em>sec</em>-butyl": "*C(C)CC",
    "<em>o</em>-tolyl": "*c1ccccc1C",
    "<em>m</em>-tolyl": "*c1cccc(C)c1",
    "<em>p</em>-tolyl": "*c1ccc(C)cc1",
    "<em>S</em>-benzylpenicillenate": "*SC(C)(C)[C@@H](NC([H])=C1N=C(Cc2ccccc2)OC1=O)C(=O)[O-]",
    "<em>p</em>-nitrophenyl": "*c1ccc([N+](=O)[O-])cc1",
    "5-methylcytosin-1-yl": "*n1cc(C)c(N)nc1=O",
    "<em>N</em>-acetylneuraminyl": "*C1(C(=O)O)C[C@H](O)[C@@H](NC(C)=O)[C@]([H])([C@H](O)[C@H](O)CO)O1",
    "3-hydroxyacyl": "*C(=O)CC(*)O",
    "guanin-9-yl": "*n1cnc2c(=O)nc(N)nc21",
    "(2,2,2-trifluoroethoxy)acetyl": "*C(=O)COCC(F)(F)F",
    "11\u03b1-hydroxyprogesterone hemisuccinoyl": "*C(=O)CCC(=O)O[C@@H]1C[C@]2(C)[C@@H](C(C)=O)CC[C@@]2([H])[C@]2([H])CCC3=CC(=O)CC[C@]3(C)[C@@]12[H]",
    "<small>L</small>-phenylalanine amide": "*N[C@@H](Cc1ccccc1)C(N)=O",
    "arachidonoyl": "*C(=O)CCC/C=CC/C=CC/C=CC/C=CCCCCC",
    "\u03b3-linolenoyl": "*C(=O)CCCC/C=CC/C=CC/C=CCCCCC",
    "<small>L</small>-histidiniumyl": "*C(=O)[C@@H]([NH3+])Cc1cncn1",
    "<small>L</small>-phenylalaniniumyl": "*C(=O)[C@@H]([NH3+])Cc1ccccc1",
    "<small>L</small>-tryptophaniumyl": "*C(=O)[C@@H]([NH3+])Cc1cnc2ccccc12",
    "<small>L</small>-tyrosiniumyl": "*C(=O)[C@@H]([NH3+])Cc1ccc(O)cc1",
    "<small>L</small>-proliniumyl": "*C(=O)[C@@H]1CCC[NH2+]1",
    "<small>L</small>-pyrrolysiniumyl": "*C(=O)[C@@H]([NH3+])CCCCNC(=O)[C@@H]1N=CC[C@H]1C",
    "\u03b2-<small>D</small>-galactofuranosyl": "*[C@@H]1O[C@@]([H])([C@H](O)CO)[C@H](O)[C@H]1O",
    "<small>L</small>-leucyl(1+)": "*C(=O)[C@@H]([NH3+])CC(C)C",
    "<small>L</small>-isoleuciniumyl": "*C(=O)[C@@H]([NH3+])[C@@H](C)CC",
    "(<i>Z</i>)-3-carboxyprop-2-enoyl": "*C(=O)/C=CC(=O)O",
    "C<small><sub>60</sub></small> fullerene": "*C12c3c4c5c6c7c8c(c9c%10c1c1c3c3c%11c4c4c5c5c7c7c%12c8c8c9c9c%10c%10c1c1c3c3c%11c%11c4c4c5c7c5c7c%12c8c8c9c9c%10c1c1c3c3c%11c4c5c4c7c8c9c1c34)C62[H]",
    "Glycino 3\u03b2-cholesterol ester": "*NCC(=O)O[C@H]1CC[C@@]2(C)C(=CC[C@@]3([H])[C@]4([H])CC[C@]([H])([C@H](C)CCCC(C)C)[C@@]4(C)CC[C@@]32[H])C1",
    "<small>L</small>-alaniniumyl": "*C(=O)[C@H](C)[NH3+]",
    "<small>L</small>-glutaminiumyl": "*C(=O)[C@@H]([NH3+])CCC(N)=O",
    "<small>L</small>-methioniniumyl": "*C(=O)[C@@H]([NH3+])CCSC",
    "<small>L</small>-seriniumyl": "*C(=O)[C@@H]([NH3+])CO",
    "<small>L</small>-threoniniumyl": "*C(=O)[C@@H]([NH3+])[C@@H](C)O",
    "<small>L</small>-valiniumyl": "*C(=O)[C@@H]([NH3+])C(C)C",
    "<small>L</small>-asparaginiumyl": "*C(=O)[C@@H]([NH3+])CC(N)=O",
    "<small>L</small>-cysteiniumyl": "*C(=O)[C@@H]([NH3+])CS",
    "\u03b2-<small>D</small>-galactosyl": "*[C@@H]1O[C@H](CO)[C@H](O)[C@H](O)[C@H]1O",
    "\u03b1-<small>D</small>-glucosyl": "*[C@H]1O[C@H](CO)[C@@H](O)[C@H](O)[C@H]1O",
    "\u03b1-<small>D</small>-galactosyl": "*[C@H]1O[C@H](CO)[C@H](O)[C@H](O)[C@H]1O",
    "<small>L</small>-argininiumyl(2+)": "*C(=O)[C@@H]([NH3+])CCCNC(N)=[NH2+]",
    "<small>L</small>-lysiniumyl(2+)": "*C(=O)[C@@H]([NH3+])CCCC[NH3+]",
    "\u03b2-<small>D</small>-glucosyl": "*[C@@H]1O[C@H](CO)[C@@H](O)[C@H](O)[C@H]1O",
    "(4<i>Z</i>)-hexadecenoyl": "*C(=O)CC/C=CCCCCCCCCCCC",
    "methyl <small>L</small>-cysteinato": "*N[C@@H](CS)C(=O)OC",
    "<small>L</small>-\u03b1-glutamyl zwitterionic": "*C(=O)[C@@H]([NH3+])CCC(=O)[O-]",
    "geranyl": "*C/C=C(C)CCC=C(C)C",
    "phytyl": "*C/C=C(C)CCC[C@H](C)CCC[C@H](C)CCCC(C)C",
    "2-oxo-5,5-dimethylhexanoyl": "*C(=O)C(=O)CCC(C)(C)C",
    "(11<i>Z</i>)-icos-11-enoyl": "*C(=O)CCCCCCCCC/C=CCCCCCCCC",
    "<small>L</small>-\u03b1-aspartyl zwitterionic": "*C(=O)[C@@H]([NH3+])CC(=O)[O-]",
    "3,3-dimethylcystein-<em>S</em>-yl": "*SC(C)(C)C(N)C(=O)O",
    "(3<i>R</i>)-3-hydroxyacyl": "*C(=O)C[C@@H](*)O",
    "(3<i>R</i>)-3-hydroxydecanoyl": "*C(=O)C[C@H](O)CCCCCCC",
    "<i>trans</i>-dec-2-enoyl": "*C(=O)/C=C/CCCCCCC",
    "<i>trans</i>-hexadec-2-enoyl": "*C(=O)/C=C/CCCCCCCCCCCCC",
    "<i>trans</i>-2-enoyl": "*/C=C/C(*)=O",
    "4-chlorocinnamoyl": "*C(=O)/C=C/c1ccc(Cl)cc1",
    "3-methylcinnamoyl": "*C(=O)/C=C/c1cccc(C)c1",
    "3-nitrocinnamoyl": "*C(=O)/C=C/c1cccc([N+](=O)[O-])c1",
    "1,2,3-triazol-2-yl": "*n1nccn1",
    "geranylgeranyl": "*C/C=C(C)CC/C=C(C)CC/C=C(C)CCC=C(C)C",
    "(<i>E</i>)-3-(trifluoromethyl)cinnamoyl": "*C(=O)/C=C/c1cccc(C(F)(F)F)c1",
    "(<i>Z</i>)-tetradec-7-enoyl": "*C(=O)CCCCC/C=CCCCCCC",
    "<i>cis</i>-tetradec-5-enoyl": "*C(=O)CCC/C=CCCCCCCCC",
    "Ni(II)-pyridinium-3,5-bisthiocarboxylate mononucleotide(1\u2212)": "*C1=[S+][Ni-]2[S]C(=O)c3c[n+]([C@@H]4O[C@H](COP(=O)([O-])[O-])[C@@H](O)[C@H]4O)cc1[c]32",
    "<small>L</small>-leucyl-<small>L</small>-lysyl(2+)": "*C(=O)[C@H](CCCC[NH3+])NC(=O)[C@@H]([NH3+])CC(C)C",
    "<small>L</small>-leucyl-<small>L</small>-arginyl(2+)": "*C(=O)[C@H](CCCNC(N)=[NH2+])NC(=O)[C@@H]([NH3+])CC(C)C",
    "sodium amoxicilloyl": "*C(=O)[C@@H](NC(=O)[C@H](N)c1ccc(O)cc1)[C@]1([H])N[C@@H](C(=O)[O-])C(C)(C)S1.[Na+]",
    "3-(glycinocarbonyl)-5-(leucinocarbonyl)phenylazo": "*N=Nc1cc(C(=O)NCC(=O)O)cc(C(=O)NC(CC(C)C)C(=O)O)c1",
    "<small>L</small>-glutamo(2\u2212)": "*N[C@@H](CCC(=O)[O-])C(=O)[O-]",
    "3'-(<small>L</small>-leucyl)adenylyl zwitterionic": "*P(=O)([O-])OC[C@H]1O[C@@H](n2cnc3c(N)ncnc32)[C@H](O)[C@@H]1OC(=O)[C@@H]([NH3+])CC(C)C",
    "3'-(<small>L</small>-alanyl)adenylyl zwitterionic": "*P(=O)([O-])OC[C@H]1O[C@@H](n2cnc3c(N)ncnc32)[C@H](O)[C@@H]1OC(=O)[C@H](C)[NH3+]",
    "3'-(<small>L</small>-arginyl)adenylyl(1+)": "*P(=O)([O-])OC[C@H]1O[C@@H](n2cnc3c(N)ncnc32)[C@H](O)[C@@H]1OC(=O)[C@@H]([NH3+])CCCNC(N)=[NH2+]",
    "3'-(<small>L</small>-asparaginyl)adenylyl(1\u2212)": "*P(=O)([O-])OC[C@H]1O[C@@H](n2cnc3c(N)ncnc32)[C@H](O)[C@@H]1OC(=O)[C@@H](N)CC(N)=O",
    "3'-(<small>L</small>-cysteinyl)adenylyl zwitterionic": "*P(=O)([O-])OC[C@H]1O[C@@H](n2cnc3c(N)ncnc32)[C@H](O)[C@@H]1OC(=O)[C@@H]([NH3+])CS",
    "3'-(<small>L</small>-glutamate)adenylyl(1\u2212)": "*P(=O)([O-])OC[C@H]1O[C@@H](n2cnc3c(N)ncnc32)[C@H](O)[C@@H]1OC(=O)[C@@H]([NH3+])CCC(=O)[O-]",
    "3'-(<small>L</small>-glutaminyl)adenylyl zwitterionic": "*P(=O)([O-])OC[C@H]1O[C@@H](n2cnc3c(N)ncnc32)[C@H](O)[C@@H]1OC(=O)[C@@H]([NH3+])CCC(N)=O",
    "3'-(<small>L</small>-isoleucyl)adenylyl zwitterionic": "*P(=O)([O-])OC[C@H]1O[C@@H](n2cnc3c(N)ncnc32)[C@H](O)[C@@H]1OC(=O)[C@@H]([NH3+])[C@@H](C)CC",
    "3'-(<small>L</small>-lysyl)adenylyl(1+)": "*P(=O)([O-])OC[C@H]1O[C@@H](n2cnc3c(N)ncnc32)[C@H](O)[C@@H]1OC(=O)[C@@H]([NH3+])CCCC[NH3+]",
    "3'-(<small>L</small>-methionyl)adenylyl zwitterionic": "*P(=O)([O-])OC[C@H]1O[C@@H](n2cnc3c(N)ncnc32)[C@H](O)[C@@H]1OC(=O)[C@@H]([NH3+])CCSC",
    "3'-(<small>L</small>-phenylalanyl)adenylyl(1\u2212)": "*P(=O)([O-])OC[C@H]1O[C@@H](n2cnc3c(N)ncnc32)[C@H](O)[C@@H]1OC(=O)[C@@H](N)Cc1ccccc1",
    "3'-(<small>L</small>-prolyl)adenylyl zwitterionic": "*P(=O)([O-])OC[C@H]1O[C@@H](n2cnc3c(N)ncnc32)[C@H](O)[C@@H]1OC(=O)[C@@H]1CCC[NH2+]1",
    "3'-(<small>L</small>-seryl)adenylyl(1\u2212)": "*P(=O)([O-])OC[C@H]1O[C@@H](n2cnc3c(N)ncnc32)[C@H](O)[C@@H]1OC(=O)[C@@H](N)CO",
    "3'-(<small>L</small>-threonyl)adenylyl(1\u2212)": "*P(=O)([O-])OC[C@H]1O[C@@H](n2cnc3c(N)ncnc32)[C@H](O)[C@@H]1OC(=O)[C@@H](N)[C@@H](C)O",
    "3'-(<small>L</small>-tryptophyl)adenylyl(1\u2212)": "*P(=O)([O-])OC[C@H]1O[C@@H](n2cnc3c(N)ncnc32)[C@H](O)[C@@H]1OC(=O)[C@@H](N)Cc1cnc2ccccc12",
    "3'-(<small>L</small>-tyrosyl)adenylyl(1\u2212)": "*P(=O)([O-])OC[C@H]1O[C@@H](n2cnc3c(N)ncnc32)[C@H](O)[C@@H]1OC(=O)[C@@H](N)Cc1ccc(O)cc1",
    "3'-(<small>L</small>-valyl)adenylyl zwitterionic": "*P(=O)([O-])OC[C@H]1O[C@@H](n2cnc3c(N)ncnc32)[C@H](O)[C@@H]1OC(=O)[C@@H]([NH3+])C(C)C",
    "3'-(<small>L</small>-pyrrolysyl)adenylyl zwitterionic": "*P(=O)([O-])OC[C@H]1O[C@@H](n2cnc3c(N)ncnc32)[C@H](O)[C@@H]1OC(=O)[C@@H]([NH3+])CCCCNC(=O)[C@@H]1N=CC[C@H]1C",
    "3'-(<small>L</small>-selenocysteinyl)adenylyl(1\u2212)": "*P(=O)([O-])OC[C@H]1O[C@@H](n2cnc3c(N)ncnc32)[C@H](O)[C@@H]1OC(=O)[C@@H](N)C[SeH]",
    "7-methylguanosine 5'-triphosphate(2\u2212)": "*OP(=O)([O-])OP(=O)([O-])OP(=O)([O-])OC[C@H]1O[C@@H](n2c[n+](C)c3c(=O)nc(N)nc32)[C@H](O)[C@@H]1O",
    "3'-(<small>L</small>-histidyl)adenylyl(1\u2212)": "*P(=O)([O-])OC[C@H]1O[C@@H](n2cnc3c(N)ncnc32)[C@H](O)[C@@H]1OC(=O)[C@@H](N)Cc1cncn1",
    "<em>S</em>-myristoyl-<small>L</small>-cysteine": "*N[C@@H](CSC(=O)CCCCCCCCCCCCC)C(*)=O",
    "<em>S</em>-stearoyl-<small>L</small>-cysteine": "*N[C@@H](CSC(=O)CCCCCCCCCCCCCCCCC)C(*)=O",
    "enoyl": "*C(=O)/C([3*])=C(/[1*])[2*]",
    "3'-(<small>D</small>-phenylalanyl)adenylyl zwitterion": "*P(=O)([O-])OC[C@H]1O[C@@H](n2cnc3c(N)ncnc32)[C@H](O)[C@@H]1OC(=O)[C@H]([NH3+])Cc1ccccc1",
    "3'-(<small>D</small>-aspartyl)adenylyl(1\u2212)": "*P(=O)([O-])OC[C@H]1O[C@@H](n2cnc3c(N)ncnc32)[C@H](O)[C@@H]1OC(=O)[C@H]([NH3+])CC(=O)[O-]",
    "3'-(<small>D</small>-tryptophyl)adenylyl(1\u2212)": "*P(=O)([O-])OC[C@H]1O[C@@H](n2cnc3c(N)ncnc32)[C@H](O)[C@@H]1OC(=O)[C@H](N)Cc1cnc2ccccc12",
    "3'-(<small>L</small>-aspartate)adenylyl(1\u2212)": "*P(=O)([O-])OC[C@H]1O[C@@H](n2cnc3c(N)ncnc32)[C@H](O)[C@@H]1OC(=O)[C@@H]([NH3+])CC(=O)[O-]",
    "3'-(<small>D</small>-tyrosyl)adenylyl(1\u2212)": "*P(=O)([O-])OC[C@H]1O[C@@H](n2cnc3c(N)ncnc32)[C@H](O)[C@@H]1OC(=O)[C@H](N)Cc1ccc(O)cc1",
    "(9<i>Z</i>,12<i>E</i>)-octadecadienoyl": "*C(=O)CCCCCCC/C=CC/C=C/CCCCC",
    "(9<i>Z</i>,12<i>E</i>)-hexadecadienoyl": "*C(=O)CCCCCCC/C=CC/C=C/CCC",
    "3\u03b2-hydroxy-\u0394<small><sup>5</small></sup>-steroid": "*/C=C1*C(*)C[C@H](O)C1",
    "3-oxo-\u0394<small><sup>5</small></sup>-steroid": "*/C=C1*C(*)CC(=O)C1",
    "(9<i>Z</i>)-octadec-9-en-12-ynoyl": "*C(=O)CCCCCCC/C=CCC#CCCCCC",
    "(11<i>Z</i>,14<i>Z</i>)-icosadienoyl": "*C(=O)CCCCCCCCC/C=CC/C=CCCCCC",
    "(7<i>Z</i>,10<i>Z</i>)-hexadecadienoyl": "*C(=O)CCCCC/C=CC/C=CCCCCC",
    "tributylsilyl": "*[Si](CCCC)(CCCC)CCCC",
    "<em>S</em>-oleoyl-<small>L</small>-cysteine": "*N[C@@H](CSC(=O)CCCCCCC/C=CCCCCCCCC)C(*)=O",
    "<em>S</em>-palmitoleoyl-<small>L</small>-cysteine": "*N[C@@H](CSC(=O)CCCCCCC/C=CCCCCCC)C(*)=O",
    "3'-(<small>D</small>-\u03b1-aminoacyl)adenylyl zwitterionic": "*[C@@H]([NH3+])C(=O)O[C@H]1[C@@H](O)[C@H](n2cnc3c(N)ncnc32)O[C@@H]1COP(*)(=O)[O-]",
    "<em>O</em>-phosphonato-<small>L</small>-seriniumyl(1\u2212)": "*C(=O)[C@@H]([NH3+])COP(=O)([O-])[O-]",
    "4-(\u03b1-<small>L</small>-rhamnosyloxy)butanoyl": "*C(=O)CCCO[C@@H]1O[C@@H](C)[C@H](O)[C@@H](O)[C@H]1O",
    "(9<i>Z</i>,11<i>E</i>,13<i>Z</i>)-octadeca-9,11,13-trienoyl": "*C(=O)CCCCCCC/C=CC=CC=C/CCCC",
    "3-oxo-\u0394<small><sup>4</small></sup>-steroid": "*CC1=CC(=O)CC(*)*1",
    "6-<em>O</em>-methyl guanin-9-yl": "*n1cnc2c(OC)nc(N)nc21",
    "(8<i>E</i>,10<i>E</i>,12<i>Z</i>)-octadecatrienoyl": "*C(=O)CCCCCC/C=C/C=C/C=CCCCCC",
    "<em>N</em><small><sup>6</small></sup>-(dimethylallyl)adenin-9-yl": "*n1cnc2c(NCC=C(C)C)ncnc21",
    "(4-hydroxy-3-iodo-5-nitrophenyl)acetyl": "*C(=O)Cc1cc(I)c(O)c([N+](=O)[O-])c1",
    "(3-bromo-4-hydroxy-5-nitrophenyl)acetyl": "*C(=O)Cc1cc(Br)c(O)c([N+](=O)[O-])c1",
    "(<i>E</i>)-4-(trifluoromethyl)cinnamoyl": "*C(=O)/C=C/c1ccc(C(F)(F)F)cc1",
    "(5<i>Z</i>,9<i>Z</i>,12<i>Z</i>)-octadecatrienoyl": "*C(=O)CCC/C=CCC/C=CC/C=CCCCCC",
    "(9<i>Z</i>,11<i>E</i>,13<i>E</i>)-octadecatrienoyl": "*C(=O)CCCCCCC/C=CC=CC=CCCCC",
    "<em>N</em>-acetyl-\u03b2-<small>D</small>-galactosaminyl": "*[C@@H]1O[C@H](CO)[C@H](O)[C@H](O)[C@H]1NC(C)=O",
    "flucloxcillanyl": "*C(=O)[C@@H]1N2C(=O)[C@@H](NC(=O)c3c(-c4c(F)cccc4Cl)noc3C)[C@@]2([H])SC1(C)C",
    "3'-(5-phosphooxy-<small>L</small>-glutamate)adenylyl(2\u2212)": "*P(=O)([O-])OC[C@H]1O[C@@H](n2cnc3c(N)ncnc32)[C@H](O)[C@@H]1OC(=O)[C@@H]([NH3+])CCC(=O)OP(=O)([O-])[O-]",
    "3'-(4-phosphooxy-<small>L</small>-aspartate)adenylyl(3\u2212)": "*P(=O)([O-])OC[C@H]1O[C@@H](n2cnc3c(N)ncnc32)[C@H](O)[C@@H]1OC(=O)[C@@H](N)CC(=O)OP(=O)([O-])[O-]",
    "(11<i>Z</i>,14<i>Z</i>,17<i>Z</i>)-icosatrienoyl": "*C(=O)CCCCCCCCC/C=CC/C=CC/C=CCC",
    "<em>N</em>,<em>N</em>-dimethyl-<small>L</small>-alanyl": "*C(=O)[C@H](C)N(C)C",
    "5-[(2,4-diaminopyrimidin-5-yl)methyl]-2,3-dimethoxyphenyl": "*c1cc(Cc2cnc(N)nc2N)cc(OC)c1OC",
    "2-cyanoethyl": "*CCC#N",
    "poly[(1''\u21922')-ADP-\u03b1-<small>D</small>-ribose]": "*O[C@H]1O[C@H](COP(=O)([O-])OP(=O)([O-])OC[C@H]2O[C@@H](n3cnc4c(N)ncnc43)[C@H](O)[C@@H]2O)[C@@H](O)[C@H]1O",
    "<i>cis</i>,<i>cis</i>-tetradeca-5,8-dienoyl": "*C(=O)CCC/C=CC/C=CCCCCC",
    "<em>N</em>-acetyl-\u03b1-<small>D</small>-galactosaminyl": "*[C@H]1O[C@H](CO)[C@H](O)[C@H](O)[C@H]1NC(C)=O",
    "(8<i>Z</i>,11<i>Z</i>,14<i>Z</i>)-icosatrienoyl": "*C(=O)CCCCCC/C=CC/C=CC/C=CCCCCC",
    "(7<i>Z</i>,10<i>Z</i>,13<i>Z</i>)-hexadecatrienoyl": "*C(=O)CCCCC/C=CC/C=CC/C=CCC",
    "(9<i>Z</i>,12<i>Z</i>)-octadeca-9,12-dien-6-ynoyl": "*C(=O)CCCCC#CC/C=CC/C=CCCCCC",
    "3'-[(<em>S</em>)-sulfanyl-<small>L</small>-cysteinyl]adenylyl zwitterionic": "*P(=O)([O-])OC[C@H]1O[C@@H](n2cnc3c(N)ncnc32)[C@H](O)[C@@H]1OC(=O)[C@@H]([NH3+])CSS",
    "3'-[(<em>S</em>)-disulfanyl-<small>L</small>-cysteinyl]adenylyl zwitterionic": "*P(=O)([O-])OC[C@H]1O[C@@H](n2cnc3c(N)ncnc32)[C@H](O)[C@@H]1OC(=O)[C@@H]([NH3+])CSSS",
    "3'-(<em>O</em>-phosphonato-<small>L</small>-seryl)adenylyl(2\u2212)": "*P(=O)([O-])OC[C@H]1O[C@@H](n2cnc3c(N)ncnc32)[C@H](O)[C@@H]1OC(=O)[C@@H]([NH3+])COP(=O)([O-])[O-]",
    "3'-(<em>N</em>-formyl-<small>L</small>-methionyl)adenylyl(1\u2212)": "*P(=O)([O-])OC[C@H]1O[C@@H](n2cnc3c(N)ncnc32)[C@H](O)[C@@H]1OC(=O)[C@H](CCSC)NC([H])=O",
    "<em>S</em>-arachidonoyl-<small>L</small>-cysteine": "*N[C@@H](CSC(=O)CCC/C=CC/C=CC/C=CC/C=CCCCCC)C(*)=O",
    "(9<i>Z</i>,11<i>E</i>,13<i>E</i>,15<i>Z</i>)-octadecatetraenoyl": "*C(=O)CCCCCCC/C=CC=CC=CC=C/CC",
    "(5<i>Z</i>,9<i>Z</i>,12<i>Z</i>,15<i>Z</i>)-octadecatetraenoyl": "*C(=O)CCC/C=CCC/C=CC/C=CC/C=CCC",
    "(6<i>Z</i>,9<i>Z</i>,12<i>Z</i>,15<i>Z</i>)-octadecatetraenoyl": "*C(=O)CCCC/C=CC/C=CC/C=CC/C=CCC",
    "<small>L</small>-<i>glycero</i>-\u03b1-<small>D</small>-<i>manno</i>-heptopyranosyl": "*[C@H]1O[C@]([H])([C@@H](O)CO)[C@@H](O)[C@H](O)[C@@H]1O",
    "<small>D</small>-<i>glycero</i>-\u03b1-<small>D</small>-<i>manno</i>-heptopyranosyl": "*[C@H]1O[C@]([H])([C@H](O)CO)[C@@H](O)[C@H](O)[C@@H]1O",
    "6-[(3-bromo-4-hydroxy-5-nitrophenyl)acetamido]caproyl": "*C(=O)CCCCCNC(=O)Cc1cc(Br)c(O)c([N+](=O)[O-])c1",
    "Oligosaccharides with 4-deoxy-alpha-D-gluc-4-enuronosyl": "*O[C@H]1O[C@H](C(=O)O)[C@H](O[C@H]2OC(C(=O)O)=C[C@H](O)[C@H]2O)[C@H](O)[C@H]1O",
    "C-terminal-\u03b3-(<small>L</small>-glutamyl)-<small>L</small>-glutamyl(3\u2212)": "*N[C@@H](CCC(=O)N[C@@H](CCC(=O)[O-])C(=O)[O-])C(=O)[O-]",
    "\u03b1-<small>D</small>-mannosyl-(1\u21923)-\u03b2-<small>D</small>-mannosyl": "*[C@@H]1O[C@H](CO)[C@@H](O)[C@H](O[C@H]2O[C@H](CO)[C@@H](O)[C@H](O)[C@@H]2O)[C@@H]1O",
    "C-terminal-\u03b3-<small>L</small>-glutamyl-<small>L</small>-lysine(1\u2212)": "*N[C@@H](CCC(=O)N[C@@H](CCCC[NH3+])C(=O)[O-])C(=O)[O-]",
    "\u03b1-<small>D</small>-galactosyl-(1\u21922)-\u03b2-<small>D</small>-galactosyl": "*[C@@H]1O[C@H](CO)[C@H](O)[C@H](O)[C@H]1O[C@H]1O[C@H](CO)[C@H](O)[C@H](O)[C@H]1O",
    "\u03b1-<small>D</small>-galactosyl-(1\u21923)-\u03b1-<small>D</small>-galactosyl": "*[C@H]1O[C@H](CO)[C@H](O)[C@H](O[C@H]2O[C@H](CO)[C@H](O)[C@H](O)[C@H]2O)[C@H]1O",
    "\u03b1-<small>D</small>-galactosyl-(1\u21924)-\u03b2-<small>D</small>-galactosyl": "*[C@@H]1O[C@H](CO)[C@H](O[C@H]2O[C@H](CO)[C@H](O)[C@H](O)[C@H]2O)[C@H](O)[C@H]1O",
    "\u03b1-<small>D</small>-galactosyl-(1\u21926)-\u03b2-<small>D</small>-galactosyl": "*[C@@H]1O[C@H](CO[C@H]2O[C@H](CO)[C@H](O)[C@H](O)[C@H]2O)[C@H](O)[C@H](O)[C@H]1O",
    "\u03b1-<small>L</small>-fucosyl-(1\u21922)-\u03b2-<small>D</small>-galactosyl": "*[C@@H]1O[C@H](CO)[C@H](O)[C@H](O)[C@H]1O[C@@H]1O[C@@H](C)[C@@H](O)[C@@H](O)[C@@H]1O",
    "\u03b2-<small>D</small>-glucosyl-(1\u21923)-\u03b1-<small>L</small>-fucosyl": "*[C@@H]1O[C@@H](C)[C@@H](O)[C@@H](O[C@@H]2O[C@H](CO)[C@@H](O)[C@H](O)[C@H]2O)[C@@H]1O",
    "3-deoxy-\u03b1-<small>D</small>-<i>manno</i>-oct-2-ulosonyl": "*C(=O)[C@@]1(O)C[C@@H](O)[C@@H](O)[C@@]([H])([C@H](O)CO)O1",
    "(7<i>Z</i>,10<i>Z</i>,13<i>Z</i>,16<i>Z</i>)-docosatetraenoyl": "*C(=O)CCCCC/C=CC/C=CC/C=CC/C=CCCCCC",
    "(8<i>Z</i>,11<i>Z</i>,14<i>Z</i>,17<i>Z</i>)-icosatetraenoyl": "*C(=O)CCCCCC/C=CC/C=CC/C=CC/C=CCC",
    "(9<i>Z</i>,12<i>Z</i>,15<i>Z</i>)-octadeca-9,12,15-trien-6-ynoyl": "*C(=O)CCCCC#CC/C=CC/C=CC/C=CCC",
    "\u03b2-<small>D</small>-mannopyranosyl-(1\u21922)-\u03b2-<small>D</small>-mannopyranosyl": "*[C@@H]1O[C@H](CO)[C@@H](O)[C@H](O)[C@@H]1O[C@@H]1O[C@H](CO)[C@@H](O)[C@H](O)[C@@H]1O",
    "C-terminal-\u03b3-<small>L</small>-glutamyl-<small>L</small>-2-aminoadipate(3\u2212)": "*N[C@@H](CCC(=O)N[C@@H](CCCC(=O)[O-])C(=O)[O-])C(=O)[O-]",
    "(5<i>Z</i>,8<i>Z</i>,11<i>Z</i>,14<i>Z</i>,17<i>Z</i>)-icosapentaenoyl": "*C(=O)CCC/C=CC/C=CC/C=CC/C=CC/C=CCC",
    "<em>N</em>-acetyl-\u03b2-<small>D</small>-galactosaminyl-(1\u21924)-<em>N</em>-acetyl-<small>D</small>-glucosaminyl": "*C1O[C@H](CO)[C@@H](O[C@@H]2O[C@H](CO)[C@H](O)[C@H](O)[C@H]2NC(C)=O)[C@H](O)[C@H]1NC(C)=O",
    "\u03b2-<small>D</small>-GalNAc-(1\u21924)-\u03b2-<small>D</small>-GalNAc-yl": "*C1O[C@H](CO)[C@H](O[C@H]2O[C@H](CO)[C@H](O)[C@H](O)[C@H]2NC(C)=O)[C@H](O)[C@H]1NC(C)=O",
    "C-terminal-\u03b3-(5-phospho-<small>L</small>-glutamyl )-<small>L</small>-glutamyl(4\u2212)": "*N[C@@H](CCC(=O)N[C@@H](CCC(=O)OP(=O)([O-])[O-])C(=O)[O-])C(=O)[O-]",
    "C-terminal-\u03b3-(<small>L</small>-glutamyl 5-semialdehyde)-<small>L</small>-glutamyl(2\u2212)": "*N[C@@H](CCC(=O)N[C@@H](CCC=O)C(=O)[O-])C(=O)[O-]",
    "C-terminal-\u03b3-<small>L</small>-glutamyl-<small>L</small>-2-aminoadipate semialdehyde(2\u2212)": "*N[C@@H](CCC(=O)N[C@@H](CCCC([H])=O)C(=O)[O-])C(=O)[O-]",
    "(7<i>Z</i>,10<i>Z</i>,13<i>Z</i>,16<i>Z</i>,19<i>Z</i>)-docosapentaenoyl": "*C(=O)CCCCC/C=CC/C=CC/C=CC/C=CC/C=CCC",
    "(4<i>Z</i>,7<i>Z</i>,10<i>Z</i>,13<i>Z</i>,16<i>Z</i>)-docosapentaenoyl": "*C(=O)CC/C=CC/C=CC/C=CC/C=CC/C=CCCCCC",
    "<em>N</em>-acetyl-\u03b2-<small>D</small>-glucosaminyl-(1\u21924)-\u03b2-<small>D</small>-mannosyl": "*[C@@H]1O[C@H](CO)[C@@H](O[C@@H]2O[C@H](CO)[C@@H](O)[C@H](O)[C@H]2NC(C)=O)[C@H](O)[C@@H]1O",
    "\u03b2-<small>D</small>-galactosyl-(1\u21923)-<em>N</em>-acetyl-\u03b2-<small>D</small>-galactosaminyl": "*[C@@H]1O[C@H](CO)[C@H](O)[C@H](O[C@@H]2O[C@H](CO)[C@H](O)[C@H](O)[C@H]2O)[C@H]1NC(C)=O",
    "\u03b2-<small>D</small>-galactosyl-(1\u21923)-<em>N</em>-acetyl-\u03b1-<small>D</small>-galactosaminyl": "*[C@H]1O[C@H](CO)[C@H](O)[C@H](O[C@@H]2O[C@H](CO)[C@H](O)[C@H](O)[C@H]2O)[C@H]1NC(C)=O",
    "\u03b2-<small>D</small>-galactosyl-(1\u21923)-<em>N</em>-acetyl-\u03b2-<small>D</small>-glucosaminyl": "*[C@@H]1O[C@H](CO)[C@@H](O)[C@H](O[C@@H]2O[C@H](CO)[C@H](O)[C@H](O)[C@H]2O)[C@H]1NC(C)=O",
    "<em>N</em>-acetyl-\u03b2-<small>D</small>-galactosaminyl-(1\u21924)-[\u03b1-<small>L</small>-fucosyl-(1\u21923)]-<em>N</em>-acetyl-\u03b2-<small>D</small>-glucosaminyl": "*[C@@H]1O[C@H](CO)[C@@H](O[C@@H]2O[C@H](CO)[C@H](O)[C@H](O)[C@H]2NC(C)=O)[C@H](O[C@@H]2O[C@@H](C)[C@@H](O)[C@@H](O)[C@@H]2O)[C@H]1NC(C)=O",
    "C-terminal-\u03b3-<small>L</small>-glutamyl-<small>L</small>-2-aminoadipate 6-phosphate(4\u2212)": "*N[C@@H](CCC(=O)N[C@@H](CCCC(=O)OP(=O)([O-])[O-])C(=O)[O-])C(=O)[O-]",
    "(4<i>Z</i>,7<i>Z</i>,10<i>Z</i>,13<i>Z</i>,16<i>Z</i>,19<i>Z</i>)-docosahexaenoyl": "*C(=O)CC/C=CC/C=CC/C=CC/C=CC/C=CC/C=CCC",
    "<em>N</em>-acetyl-\u03b2-<small>D</small>-glucosaminyl-(1\u21924)-<em>N</em>-acetyl-\u03b2-<small>D</small>-glucosaminyl": "*[C@@H]1O[C@H](CO)[C@@H](O[C@@H]2O[C@H](CO)[C@@H](O)[C@H](O)[C@H]2NC(C)=O)[C@H](O)[C@H]1NC(C)=O",
    "rifamycin-undecaketide carboxy": "*C(=O)/C(C)=C/C=C/[C@H](C)[C@H](O)[C@@H](C)[C@@H](O)[C@@H](C)[C@H](O)[C@H](C)[C@@H](O)C(C)/C=C(C)C(=O)C1=C(O)C(C)C(O)C2=C1C(=O)C=C(N)C2=O",
    "<small>D</small>-galactosyl-(1\u21923)-\u03b2-<small>D</small>-galactosyl-(1\u21924)-\u03b2-<small>D</small>-glucosyl": "*[C@@H]1O[C@H](CO)[C@@H](O[C@@H]2O[C@H](CO)[C@H](O)[C@H](OC3O[C@H](CO)[C@H](O)[C@H](O)[C@H]3O)[C@H]2O)[C@H](O)[C@H]1O",
    "\u03b2-<small>D</small>-galactosyl-(1\u21924)-<em>N</em>-acetyl-\u03b2-<small>D</small>-glucosaminyl": "*[C@@H]1O[C@H](CO)[C@@H](O[C@@H]2O[C@H](CO)[C@H](O)[C@H](O)[C@H]2O)[C@H](O)[C@H]1NC(C)=O",
    "\u03b1-<small>L</small>-Fuc-(1\u21923)-\u03b2-<small>D</small>-GalNAc-(1\u21924)-\u03b2-<small>D</small>-GlcNAc-yl": "*[C@@H]1O[C@H](CO)[C@@H](O[C@@H]2O[C@H](CO)[C@H](O)[C@H](O[C@@H]3O[C@@H](C)[C@@H](O)[C@@H](O)[C@@H]3O)[C@H]2NC(C)=O)[C@H](O)[C@H]1NC(C)=O",
    "organosilyl": "*[Si]([1*])([2*])[3*]",
    "boryl": "*B([1*])[2*]",
    "cinnamyl": "*CC=Cc1ccccc1",
    "<em>N</em>-acetyl-\u03b2-<small>D</small>-glucosaminyl-(1\u21923)-<em>N</em>-acetyl-<small>D</small>-galactosaminyl": "*C1O[C@H](CO)[C@H](O)[C@H](O[C@@H]2O[C@H](CO)[C@@H](O)[C@H](O)[C@H]2NC(C)=O)[C@H]1NC(C)=O",
    "rifamycin-undecaketide carboxy (1\u2212)": "*C(=O)/C(C)=C/C=C/[C@H](C)[C@H](O)[C@@H](C)[C@@H](O)[C@@H](C)[C@H](O)[C@H](C)[C@@H](O)C(C)/C=C(C)C(=O)C1=C([O-])C(C)C(O)C2=C1C(=O)C=C(N)C2=O",
    "\u03b1-<small>D</small>-Gal<em>p</em>N-(1\u21924)-\u03b1-<small>D</small>-Gal<em>p</em>A-yl": "*[C@H]1O[C@H](C(=O)O)[C@H](O[C@H]2O[C@H](CO)[C@H](O)[C@H](O)[C@H]2N)[C@H](O)[C@H]1O",
    "\u03b1-<small>D</small>-galactosyl-(1\u21923)-[\u03b1-<small>L</small>-fucosyl-(1\u21922)]-<small>D</small>-galactosyl": "*C1O[C@H](CO)[C@H](O)[C@H](O[C@H]2O[C@H](CO)[C@H](O)[C@H](O)[C@H]2O)[C@H]1O[C@@H]1O[C@@H](C)[C@@H](O)[C@@H](O)[C@@H]1O",
    "<em>N</em>-acetyl-\u03b2-<small>D</small>-galactosaminyl-(1\u21924)-<em>N</em>-acetyl-\u03b2-<small>D</small>-glucosaminyl": "*[C@@H]1O[C@H](CO)[C@@H](O[C@@H]2O[C@H](CO)[C@H](O)[C@H](O)[C@H]2NC(C)=O)[C@H](O)[C@H]1NC(C)=O",
    "<em>N</em>-acetyl-\u03b1-neuraminyl-(2\u21928)-<em>N</em>-acetyl-\u03b1-neuraminyl-(2\u21923)-\u03b2-<small>D</small>-galactosyl": "*[C@@H]1O[C@H](CO)[C@H](O)[C@H](O[C@]2(C(=O)O)C[C@H](O)[C@@H](NC(C)=O)[C@]([H])([C@H](O)[C@@H](CO)O[C@]3(C(=O)O)C[C@H](O)[C@@H](NC(C)=O)[C@]([H])([C@H](O)[C@H](O)CO)O3)O2)[C@H]1O",
    "2,2,2-trichloroethyl": "*CC(Cl)(Cl)Cl",
    "\u03b1-<small>L</small>-Fuc-(1\u21922)-\u03b2-<small>D</small>-Gal-(1\u21923)-\u03b2-<small>D</small>-GlcNAc-(1\u21923)-\u03b1-<small>D</small>-Gal-yl": "*[C@H]1O[C@H](CO)[C@H](O)[C@H](O[C@@H]2O[C@H](CO)[C@@H](O)[C@H](O[C@@H]3O[C@H](CO)[C@H](O)[C@H](O)[C@H]3O[C@@H]3O[C@@H](C)[C@@H](O)[C@@H](O)[C@@H]3O)[C@H]2NC(C)=O)[C@H]1O",
    "<em>N</em>-acetyl-\u03b2-<small>D</small>-glucosaminyl-(1\u21923)-<em>N</em>-acetyl-\u03b1-<small>D</small>-galactosaminyl": "*[C@H]1O[C@H](CO)[C@H](O)[C@H](O[C@@H]2O[C@H](CO)[C@@H](O)[C@H](O)[C@H]2NC(C)=O)[C@H]1NC(C)=O",
    "\u03b2-<small>D</small>-mannopyranosyl-(1\u21922)-\u03b2-<small>D</small>-mannopyranosyl-(1\u21922)-\u03b2-<small>D</small>-mannopyranosyl": "*[C@@H]1O[C@H](CO)[C@@H](O)[C@H](O)[C@@H]1O[C@@H]1O[C@H](CO)[C@@H](O)[C@H](O)[C@@H]1O[C@@H]1O[C@H](CO)[C@@H](O)[C@H](O)[C@@H]1O",
    "\u03b2-<small>D</small>-galactosyl-(1\u21923)-[\u03b1-<small>L</small>-fucosyl-(1\u21924)]-<em>N</em>-acetyl-<small>D</small>-glucosaminyl": "*C1O[C@H](CO)[C@@H](O[C@@H]2O[C@@H](C)[C@@H](O)[C@@H](O)[C@@H]2O)[C@H](O[C@@H]2O[C@H](CO)[C@H](O)[C@H](O)[C@H]2O)[C@H]1NC(C)=O",
    "<em>N</em><small><sup>2</small></sup>,<em>N</em><small><sup>2</small></sup>,<em>N</em><small><sup>7</small></sup>-trimethylguanosine 5'-triphosphate(2\u2212)": "*OP(=O)([O-])OP(=O)([O-])OP(=O)([O-])OC[C@H]1O[C@@H](n2c[n+](C)c3c(=O)nc(N(C)C)nc32)[C@H](O)[C@@H]1O",
    "\u03b1-<small>D</small>-Gal-(1\u21923)-\u03b1-<small>D</small>-GlcNAc-(1\u21924)-<small>D</small>-Gal-yl": "*C1O[C@H](CO)[C@H](O[C@H]2O[C@H](CO)[C@@H](O)[C@H](O[C@H]3O[C@H](CO)[C@H](O)[C@H](O)[C@H]3O)[C@H]2NC(C)=O)[C@H](O)[C@H]1O",
    "\u03b2-<small>D</small>-glucuronosyl-(1\u21923)-\u03b2-<small>D</small>-galactosyl-(1\u21924)-\u03b2-<small>D</small>-glucosaminyl": "*[C@@H]1O[C@H](CO)[C@@H](O[C@@H]2O[C@H](CO)[C@H](O)[C@H](O[C@@H]3O[C@H](C(=O)O)[C@@H](O)[C@H](O)[C@H]3O)[C@H]2O)[C@H](O)[C@H]1NC(C)=O",
    "\u03b1-<em>N</em>-acetylneuraminyl-2,3-\u03b2-<small>D</small>-galactosyl-1,3-<em>N</em>-acetyl-<small>D</small>-galactosaminyl": "*C1O[C@H](CO)[C@H](O)[C@H](O[C@@H]2O[C@H](CO)[C@H](O)[C@H](O[C@]3(C(=O)[O-])C[C@H](O)[C@@H](NC(C)=O)[C@]([H])([C@H](O)[C@H](O)CO)O3)[C@H]2O)[C@H]1NC(C)=O",
    "\u03b2-<small>D</small>-galactosyl-(1\u21924)-[\u03b1-<small>L</small>-fucosyl-(1\u21923)]-<em>N</em>-acetyl-<small>D</small>-glucosaminyl": "*C1O[C@H](CO)[C@@H](O[C@@H]2O[C@H](CO)[C@H](O)[C@H](O)[C@H]2O)[C@H](O[C@@H]2O[C@@H](C)[C@@H](O)[C@@H](O)[C@@H]2O)[C@H]1NC(C)=O",
    "\u03b1-<em>N</em>-acetylneuraminyl-(2\u21923)-\u03b2-<small>D</small>-galactosyl-(1\u21923)-<em>N</em>-acetyl-\u03b1-<small>D</small>-galactosaminyl": "*[C@H]1O[C@H](CO)[C@H](O)[C@H](O[C@@H]2O[C@H](CO)[C@H](O)[C@H](O[C@]3(C(=O)O)C[C@H](O)[C@@H](NC(C)=O)[C@]([H])([C@H](O)[C@H](O)CO)O3)[C@H]2O)[C@H]1NC(C)=O",
    "\u03b2-<small>D</small>-Gal-(1\u21923)-\u03b2-<small>D</small>-GlcNAc-(1\u21923)-\u03b1-<small>D</small>-Gal-yl": "*[C@H]1O[C@H](CO)[C@H](O)[C@H](O[C@@H]2O[C@H](CO)[C@@H](O)[C@H](O[C@@H]3O[C@H](CO)[C@H](O)[C@H](O)[C@H]3O)[C@H]2NC(C)=O)[C@H]1O",
    "6-deoxy-\u03b1-<small>L</small>-Tal<em>p</em>2Ac3Me-(1\u21923)-\u03b2-<small>D</small>-Glc<em>p</em>-yl": "*[C@@H]1O[C@H](CO)[C@@H](O)[C@H](O[C@@H]2O[C@@H](C)[C@@H](O)[C@@H](OC)[C@H]2OC(C)=O)[C@H]1O",
    "\u03b1-<small>L</small>-Fuc-(1\u21923)-\u03b2-<small>D</small>-GalNAc-(1\u21924)-[\u03b1-<small>L</small>-Fuc-(1\u21923)]-\u03b2-<small>D</small>-GlcNAc-yl": "*[C@@H]1O[C@H](CO)[C@@H](O[C@@H]2O[C@H](CO)[C@H](O)[C@H](O[C@@H]3O[C@@H](C)[C@@H](O)[C@@H](O)[C@@H]3O)[C@H]2NC(C)=O)[C@H](O[C@@H]2O[C@@H](C)[C@@H](O)[C@@H](O)[C@@H]2O)[C@H]1NC(C)=O",
    "4-deoxy-\u03b2-<small>D</small>-mannopyranosyl-(1\u21922)-\u03b2-<small>D</small>-mannopyranosyl-(1\u21922)-\u03b2-<small>D</small>-mannopyranosyl": "*[C@@H]1O[C@H](CO)[C@@H](O)[C@H](O)[C@@H]1O[C@@H]1O[C@H](CO)[C@@H](O)[C@H](O)[C@@H]1O[C@@H]1O[C@H](CO)C[C@H](O)[C@@H]1O",
    "\u03b2-<small>D</small>-mannopyranosyl-(1\u21922)-\u03b2-<small>D</small>-mannopyranosyl-(1\u21922)-4-deoxy-\u03b2-<small>D</small>-mannopyranosyl": "*[C@@H]1O[C@H](CO)C[C@H](O)[C@@H]1O[C@@H]1O[C@H](CO)[C@@H](O)[C@H](O)[C@@H]1O[C@@H]1O[C@H](CO)[C@@H](O)[C@H](O)[C@@H]1O",
    "\u03b1-<small>D</small>-GalN-(1\u21924)-[\u03b1-<small>D</small><small>D</small>-Hep-(1\u21922)]-\u03b1-<small>D</small>-GalA-yl": "*[C@H]1O[C@H](C(=O)O)[C@H](O[C@H]2O[C@H](CO)[C@H](O)[C@H](O)[C@H]2N)[C@H](O)[C@H]1O[C@H]1O[C@]([H])([C@H](O)CO)[C@@H](O)[C@H](O)[C@@H]1O",
    "\u03b1-<small>L</small>-Fuc-(1\u21922)-[\u03b1-<small>D</small>-Gal-(1\u21923)]-\u03b2-<small>D</small>-Gal-(1\u21923)-\u03b2-<small>D</small>-GlcNAc-(1\u21923)-\u03b1-<small>D</small>-Gal-yl": "*[C@H]1O[C@H](CO)[C@H](O)[C@H](O[C@@H]2O[C@H](CO)[C@@H](O)[C@H](O[C@@H]3O[C@H](CO)[C@H](O)[C@H](O[C@H]4O[C@H](CO)[C@H](O)[C@H](O)[C@H]4O)[C@H]3O[C@@H]3O[C@@H](C)[C@@H](O)[C@@H](O)[C@@H]3O)[C@H]2NC(C)=O)[C@H]1O",
    "3-<em>O</em>-sulfo-\u03b2-<small>D</small>-glucuronosyl-(1\u21923)-\u03b2-<small>D</small>-galactosyl-(1\u21924)-\u03b2-<small>D</small>-glucosaminyl": "*[C@@H]1O[C@H](CO)[C@@H](O[C@@H]2O[C@H](CO)[C@H](O)[C@H](O[C@@H]3O[C@H](C(=O)O)[C@@H](O)[C@H](OS(=O)(=O)O)[C@H]3O)[C@H]2O)[C@H](O)[C@H]1NC(C)=O",
    "\u03b2-<small>D</small>-galactosyl-1,3-(<em>N</em>-acetyl-<small>D</small>-glucosaminyl-1,6)-<em>N</em>-acetyl-<small>D</small>-galactosaminyl": "*C1O[C@H](COC2O[C@H](CO)[C@@H](O)[C@H](O)[C@H]2NC(C)=O)[C@H](O)[C@H](O[C@@H]2O[C@H](CO)[C@H](O)[C@H](O)[C@H]2O)[C@H]1NC(C)=O",
    "1<em>H</em>-1,2,3-triazole-1,4-diyl-bridged -NLe-Gln-Ala-Glu-Ala-NH<small><sub>2</sub></small>": "*N[C@H]1CCCCn2cc(nn2)C[C@@H](C(N)=O)NC(=O)[C@H](CCC(=O)O)NC(=O)[C@H](C)NC(=O)[C@H](CCC(N)=O)NC1=O",
    "\u03b1-<em>N</em>-acetylneuraminyl-(2\u21923)-\u03b2-<small>D</small>-galactosyl-(1\u21924)-<em>N</em>-acetyl-\u03b2-<small>D</small>-glucosaminyl(1\u2212)": "*[C@@H]1O[C@H](CO)[C@@H](O[C@@H]2O[C@H](CO)[C@H](O)[C@H](O[C@]3(C(=O)[O-])C[C@H](O)[C@@H](NC(C)=O)[C@]([H])([C@H](O)[C@H](O)CO)O3)[C@H]2O)[C@H](O)[C@H]1NC(C)=O",
    "6-deoxy-\u03b1-<small>L</small>-Tal<em>p</em>2,3Ac<small><sub>2</sub></small>-(1\u21923)-\u03b2-<small>D</small>-Glc<em>p</em>-yl": "*[C@@H]1O[C@H](CO)[C@@H](O)[C@H](O[C@@H]2O[C@@H](C)[C@@H](OC(C)=O)[C@@H](OC)[C@H]2OC(C)=O)[C@H]1O",
    "\u03b1-<small>D</small>-Gal<em>p</em>-(1\u21923)-\u03b2-<small>D</small>-Gal<em>p</em>-(1\u21924)-\u03b2-<small>D</small>-Glc<em>p</em>-yl": "*[C@@H]1O[C@H](CO)[C@@H](O[C@@H]2O[C@H](CO)[C@H](O)[C@H](O[C@H]3O[C@H](CO)[C@H](O)[C@H](O)[C@H]3O)[C@H]2O)[C@H](O)[C@H]1O",
    "\u03b1-<small>D</small>-Gal<em>p</em>-(1\u21922)-[\u03b1-<small>D</small>-Gal<em>p</em>-(1\u21926)]-\u03b2-<small>D</small>-Gal<em>p</em>-yl": "*[C@@H]1O[C@H](CO[C@H]2O[C@H](CO)[C@H](O)[C@H](O)[C@H]2O)[C@H](O)[C@H](O)[C@H]1O[C@H]1O[C@H](CO)[C@H](O)[C@H](O)[C@H]1O",
    "<em>N</em>-acetyl-\u03b2-<small>D</small>-glucosaminyl-(1\u21926)-[\u03b2-<small>D</small>-galactosyl-(1\u21923)]-<em>N</em>-acetyl-\u03b1-<small>D</small>-galactosaminyl": "*[C@H]1O[C@H](CO[C@@H]2O[C@H](CO)[C@@H](O)[C@H](O)[C@H]2NC(C)=O)[C@H](O)[C@H](O[C@@H]2O[C@H](CO)[C@H](O)[C@H](O)[C@H]2O)[C@H]1NC(C)=O",
    "\u03b2-<small>D</small>-galactosyl-(1\u21924)-<em>N</em>-acetyl-\u03b2-<small>D</small>-glucosaminyl-(1\u21926)-<em>N</em>-acetyl-\u03b1-<small>D</small>-galactosaminyl": "*[C@H]1O[C@H](CO[C@@H]2O[C@H](CO)[C@@H](O[C@@H]3O[C@H](CO)[C@H](O)[C@H](O)[C@H]3O)[C@H](O)[C@H]2NC(C)=O)[C@H](O)[C@H](O)[C@H]1NC(C)=O",
    "<em>N</em>-acetyl-\u03b2-<small>D</small>-galactosaminyl-(1\u21924)-<em>N</em>-acetyl-\u03b2-<small>D</small>-glucosaminyl-(1\u21922)-\u03b1-<small>D</small>-mannosyl": "*[C@H]1O[C@H](CO)[C@@H](O)[C@H](O)[C@@H]1O[C@@H]1O[C@H](CO)[C@@H](O[C@@H]2O[C@H](CO)[C@H](O)[C@H](O)[C@H]2NC(C)=O)[C@H](O)[C@H]1NC(C)=O",
    "\u03b2-<small>D</small>-galactosyl-1,3-(<em>N</em>-acetyl-\u03b2-<small>D</small>-glucosaminyl-1,6)-<em>N</em>-acetyl-<small>D</small>-galactosaminyl": "*C1O[C@H](CO[C@@H]2O[C@H](CO)[C@@H](O)[C@H](O)[C@H]2NC(C)=O)[C@H](O)[C@H](O[C@@H]2O[C@H](CO)[C@H](O)[C@H](O)[C@H]2O)[C@H]1NC(C)=O",
    "<em>N</em>-acetyl-\u03b2-<small>D</small>-glucosaminyl-1,3-\u03b2-<small>D</small>-galactosyl-1,4-<em>N</em>-acetyl-<small>D</small>-glucosaminyl": "*C1O[C@H](CO)[C@@H](O[C@@H]2O[C@H](CO)[C@H](O)[C@H](O[C@@H]3O[C@H](CO)[C@@H](O)[C@H](O)[C@H]3NC(C)=O)[C@H]2O)[C@H](O)[C@H]1NC(C)=O",
    "\u03b1-<small>D</small>-Gal<em>p</em>-(1\u21923)-\u03b2-<small>D</small>-Gal<em>p</em>-(1\u21924)-<small>D</small>-Glc<em>p</em>NAc-yl": "*C1O[C@H](CO)[C@@H](O[C@@H]2O[C@H](CO)[C@H](O)[C@H](O[C@H]3O[C@H](CO)[C@H](O)[C@H](O)[C@H]3O)[C@H]2O)[C@H](O)[C@H]1NC(C)=O",
    "\u03b2-<small>D</small>-mannopyranosyl-(1\u21922)-2-thio-\u03b2-<small>D</small>-mannopyranosyl-(1\u21922)-2-thio-\u03b2-<small>D</small>-mannopyranosyl": "*[C@@H]1O[C@H](CO)[C@@H](O)[C@H](O)[C@@H]1S[C@@H]1O[C@H](CO)[C@@H](O)[C@H](O)[C@@H]1S[C@@H]1O[C@H](CO)[C@@H](O)[C@H](O)[C@@H]1O",
    "\u03b2-<small>D</small>-GalNAc-(1\u21924)-[\u03b1-Neu5Ac-(2\u21923)]-\u03b2-<small>D</small>-Gal-(1\u21924)-<small>D</small>-GalNAc-yl": "*C1O[C@H](CO)[C@@H](O[C@@H]2O[C@H](CO)[C@H](O[C@@H]3O[C@H](CO)[C@H](O)[C@H](O)[C@H]3NC(C)=O)[C@H](O[C@]3(C(=O)O)C[C@H](O)[C@@H](NC(C)=O)[C@]([H])([C@H](O)[C@H](O)CO)O3)[C@H]2O)[C@H](O)[C@H]1NC(C)=O",
    "\u03b2-<small>D</small>-Glc<em>p</em>NAc-(1\u21923)-\u03b2-<small>D</small>-Gal<em>p</em>-(1\u21924)-\u03b2-<small>D</small>-Glc<em>p</em>-yl": "*[C@@H]1O[C@H](CO)[C@@H](O[C@@H]2O[C@H](CO)[C@H](O)[C@H](O[C@@H]3O[C@H](CO)[C@@H](O)[C@H](O)[C@H]3NC(C)=O)[C@H]2O)[C@H](O)[C@H]1O",
    "<small>L</small>-<i>glycero</i>-\u03b1-<small>D</small>-<i>manno</i>-heptosyl-(1\u21927)-<small>L</small>-<i>glycero</i>-\u03b1-<small>D</small>-<i>manno</i>-heptosyl": "*[C@H]1O[C@]([H])([C@@H](O)CO[C@H]2O[C@]([H])([C@@H](O)CO)[C@@H](O)[C@H](O)[C@@H]2O)[C@@H](O)[C@H](O)[C@@H]1O",
    "\u03b1-<small>L</small>-Fuc<em>p</em>-(1\u21922)-\u03b2-<small>D</small>-Gal<em>p</em>-(1\u21923)-\u03b2-<small>D</small>-Glc<em>p</em>NAc-yl": "*[C@@H]1O[C@H](CO)[C@@H](O)[C@H](O[C@@H]2O[C@H](CO)[C@H](O)[C@H](O)[C@H]2O[C@@H]2O[C@@H](C)[C@@H](O)[C@@H](O)[C@@H]2O)[C@H]1NC(C)=O",
    "\u03b1-<small>L</small>-Fuc<em>p</em>-(1\u21922)-\u03b2-<small>D</small>-Gal<em>p</em>-(1\u21924)-\u03b2-<small>D</small>-Glc<em>p</em>NAc-yl": "*[C@@H]1O[C@H](CO)[C@@H](O[C@@H]2O[C@H](CO)[C@H](O)[C@H](O)[C@H]2O[C@@H]2O[C@@H](C)[C@@H](O)[C@@H](O)[C@@H]2O)[C@H](O)[C@H]1NC(C)=O",
    "\u03b1-<small>L</small>-Fuc<em>p</em>-(1\u21922)-\u03b2-<small>D</small>-Gal<em>p</em>-(1\u21923)-\u03b1-<small>D</small>-Gal<em>p</em>NAc-yl": "*[C@H]1O[C@H](CO)[C@H](O)[C@H](O[C@@H]2O[C@H](CO)[C@H](O)[C@H](O)[C@H]2O[C@@H]2O[C@@H](C)[C@@H](O)[C@@H](O)[C@@H]2O)[C@H]1NC(C)=O",
    "\u03b1-<small>L</small>-Fuc<em>p</em>-(1\u21922)-\u03b2-<small>D</small>-Gal<em>p</em>-(1\u21923)-\u03b2-<small>D</small>-Gal<em>p</em>NAc-yl": "*[C@@H]1O[C@H](CO)[C@H](O)[C@H](O[C@@H]2O[C@H](CO)[C@H](O)[C@H](O)[C@H]2O[C@@H]2O[C@@H](C)[C@@H](O)[C@@H](O)[C@@H]2O)[C@H]1NC(C)=O",
    "<em>N</em>-acetyl-\u03b2-<small>D</small>-glucosaminyl-(1\u21924)-<em>N</em>-acetyl-\u03b2-<small>D</small>-glucosaminyl-(1\u21924)-<em>N</em>-acetyl-\u03b2-<small>D</small>-glucosaminyl": "*[C@@H]1O[C@H](CO)[C@@H](O[C@@H]2O[C@H](CO)[C@@H](O[C@@H]3O[C@H](CO)[C@@H](O)[C@H](O)[C@H]3NC(C)=O)[C@H](O)[C@H]2NC(C)=O)[C@H](O)[C@H]1NC(C)=O",
    "\u03b1-<small>L</small>-Fuc<em>p</em>-(1\u21923)-[\u03b2-<small>D</small>-Gal<em>p</em>-(1\u21924)]-\u03b2-<small>D</small>-Glc<em>p</em>NAc-yl": "*[C@@H]1O[C@H](CO)[C@@H](O[C@@H]2O[C@H](CO)[C@H](O)[C@H](O)[C@H]2O)[C@H](O[C@@H]2O[C@@H](C)[C@@H](O)[C@@H](O)[C@@H]2O)[C@H]1NC(C)=O",
    "6-<em>O</em>-sulfo-<em>N</em>-acetyl-\u03b2-<small>D</small>-glucosaminyl-(1\u21926)-[\u03b2-<small>D</small>-galactosyl-(1\u21923)]-<em>N</em>-acetyl-\u03b1-<small>D</small>-galactosaminyl": "*[C@H]1O[C@H](CO[C@@H]2O[C@H](COS(=O)(=O)O)[C@@H](O)[C@H](O)[C@H]2NC(C)=O)[C@H](O)[C@H](O[C@@H]2O[C@H](CO)[C@H](O)[C@H](O)[C@H]2O)[C@H]1NC(C)=O",
    "4-<em>O</em>-sulfo-<em>N</em>-acetyl-\u03b2-<small>D</small>-galactosaminyl-(1\u21924)-<em>N</em>-acetyl-\u03b2-<small>D</small>-glucosaminyl-(1\u21922)-\u03b1-<small>D</small>-mannosyl": "*[C@H]1O[C@H](CO)[C@@H](O)[C@H](O)[C@@H]1O[C@@H]1O[C@H](CO)[C@@H](O[C@@H]2O[C@H](CO)[C@H](OS(=O)(=O)O)[C@H](O)[C@H]2NC(C)=O)[C@H](O)[C@H]1NC(C)=O",
    "\u03b2-<small>D</small>-GalNAc-(1\u21924)-[\u03b1-Neu5Ac-(2\u21923)]-\u03b2-<small>D</small>-Gal-(1\u21924)-\u03b2-<small>D</small>-GalNAc-(1\u21923)-<small>D</small>-Gal": "*C1O[C@H](CO)[C@H](O)[C@H](O[C@@H]2O[C@H](CO)[C@@H](O[C@@H]3O[C@H](CO)[C@H](O[C@@H]4O[C@H](CO)[C@H](O)[C@H](O)[C@H]4NC(C)=O)[C@H](O[C@]4(C(=O)O)C[C@H](O)[C@@H](NC(C)=O)[C@]([H])([C@H](O)[C@H](O)CO)O4)[C@H]3O)[C@H](O)[C@H]2NC(C)=O)[C@H]1O",
    "\u21924)-\u03b1-<small>D</small>-Gal<em>p</em>-(1\u21924)-\u03b2-<small>D</small>-Gal<em>p</em>-(1\u21924)-\u03b2-<small>D</small>-Glc<em>p</em>-yl": "*O[C@@H]1[C@H](O)[C@@H](O)[C@@H](O[C@@H]2[C@H](O)[C@@H](O)[C@H](O[C@H]3[C@H](O)[C@@H](O)[C@H](*)O[C@@H]3CO)O[C@@H]2CO)O[C@@H]1CO",
    "\u03b1-<small>L</small>-Fuc-(1\u21922)-[\u03b1-<small>D</small>-GalNAc-(1\u21923)]-\u03b2-<small>D</small>-Gal-(1\u21923)-\u03b2-<small>D</small>-GlcNAc-(1\u21923)-\u03b1-<small>D</small>-Gal-yl": "*[C@H]1O[C@H](CO)[C@H](O)[C@H](O[C@@H]2O[C@H](CO)[C@@H](O)[C@H](O[C@@H]3O[C@H](CO)[C@H](O)[C@H](O[C@H]4O[C@H](CO)[C@H](O)[C@H](O)[C@H]4NC(C)=O)[C@H]3O[C@@H]3O[C@@H](C)[C@@H](O)[C@@H](O)[C@@H]3O)[C@H]2NC(C)=O)[C@H]1O",
    "<em>N</em>-acetyl-\u03b2-<small>D</small>-galactosaminyl-(1\u21923)-<em>N</em>-acetyl-\u03b2-<small>D</small>-glucosaminyl-(1\u21924)-\u03b1-<small>D</small>-mannosyl": "*[C@H]1O[C@H](CO)[C@@H](O[C@@H]2O[C@H](CO)[C@@H](O)[C@H](O[C@@H]3O[C@H](CO)[C@H](O)[C@H](O)[C@H]3NC(C)=O)[C@H]2NC(C)=O)[C@H](O)[C@@H]1O",
    "\u03b2-<small>D</small>-mannosyl-(1\u21922)-\u03b2-<small>D</small>-mannosyl-(1\u21922)-\u03b2-<small>D</small>-mannosyl-(1\u21922)-\u03b2-<small>D</small>-mannosyl": "*[C@@H]1O[C@H](CO)[C@@H](O)[C@H](O)[C@@H]1O[C@@H]1O[C@H](CO)[C@@H](O)[C@H](O)[C@@H]1O[C@@H]1O[C@H](CO)[C@@H](O)[C@H](O)[C@@H]1O[C@@H]1O[C@H](CO)[C@@H](O)[C@H](O)[C@@H]1O",
    "<em>N</em>-acetyl-\u03b2-<small>D</small>-glucosaminyl-1,6-(<em>N</em>-acetyl-\u03b2-<small>D</small>-glucosaminyl-1,3)-<em>N</em>-acetyl-<small>D</small>-galactosaminyl": "*[C@H]1O[C@H](CO[C@@H]2O[C@H](CO)[C@@H](O)[C@H](O)[C@H]2NC(C)=O)[C@H](O)[C@H](O[C@@H]2O[C@H](CO)[C@@H](O)[C@H](O)[C@H]2NC(C)=O)[C@H]1NC(C)=O",
    "<em>N</em>-acetyl-\u03b2-<small>D</small>-glucosaminyl": "*[C@@H]1O[C@H](CO)[C@@H](O)[C@H](O)[C@H]1NC(C)=O",
    "\u03b1-<small>L</small>-Fuc<em>p</em>-(1\u21922)-\u03b2-<small>D</small>-Gal<em>p</em>-(1\u21924)-[\u03b1-<small>L</small>-Fuc<em>p</em>-(1\u21923)]-\u03b2-<small>D</small>-Glc<em>p</em>NAc-yl": "*[C@@H]1O[C@H](CO)[C@@H](O[C@@H]2O[C@H](CO)[C@H](O)[C@H](O)[C@H]2O[C@@H]2O[C@@H](C)[C@@H](O)[C@@H](O)[C@@H]2O)[C@H](O[C@@H]2O[C@@H](C)[C@@H](O)[C@@H](O)[C@@H]2O)[C@H]1NC(C)=O",
    "6-<em>O</em>-(2-aminoethylphosphono)-\u03b1-<small>D</small>-Man-(1\u21922)-\u03b1-<small>D</small>-Man-(1\u21926)-\u03b1-<small>D</small>-Man-(1\u21924)-\u03b1-<small>D</small>-GlcN-(1\u21926)-<small>D</small>-<i>myo</i>-inositol": "*NCCOP(=O)(O)OC[C@H]1O[C@H](O[C@@H]2[C@@H](OC[C@H]3O[C@H](O[C@H]4[C@H](O)[C@@H](N)[C@@H](O[C@H]5[C@H](O)[C@H](O)[C@H](O)[C@@H](O)[C@@H]5O)O[C@@H]4CO)[C@@H](O)[C@@H](O)[C@@H]3O)O[C@H](CO)[C@@H](O)[C@@H]2O)[C@@H](O)[C@@H](O)[C@@H]1O",
    "\u03b2-<small>D</small>-Gal<em>p</em>-(1\u21923)-\u03b2-<small>D</small>-Gal<em>p</em>NAc-(1\u21924)-[\u03b1-Neu<em>p</em>5Ac-(2\u21923)]-<small>D</small>-Gal<em>p</em>-yl": "*C1O[C@H](CO)[C@H](O[C@@H]2O[C@H](CO)[C@H](O)[C@H](O[C@@H]3O[C@H](CO)[C@H](O)[C@H](O)[C@H]3O)[C@H]2NC(C)=O)[C@H](O[C@]2(C(=O)O)C[C@H](O)[C@@H](NC(C)=O)[C@]([H])([C@H](O)[C@H](O)CO)O2)[C@H]1O",
    "\u03b1-<small>L</small>-Fuc-(1\u21922)-\u03b1-<small>L</small>-Fuc-(1\u21923)-\u03b2-<small>D</small>-GalNAc-(1\u21924)-[\u03b1-<small>L</small>-Fuc-(1\u21922)-\u03b1-<small>L</small>-Fuc-(1\u21923)]-\u03b2-<small>D</small>-GlcNAc-yl": "*[C@@H]1O[C@H](CO)[C@@H](O[C@@H]2O[C@H](CO)[C@H](O)[C@H](O[C@@H]3O[C@@H](C)[C@@H](O)[C@@H](O)[C@@H]3O[C@@H]3O[C@@H](C)[C@@H](O)[C@@H](O)[C@@H]3O)[C@H]2NC(C)=O)[C@H](O[C@@H]2O[C@@H](C)[C@@H](O)[C@@H](O)[C@@H]2O[C@@H]2O[C@@H](C)[C@@H](O)[C@@H](O)[C@@H]2O)[C@H]1NC(C)=O",
    "\u03b1-<small>D</small>-Gal<em>p</em>-(1\u21923)-\u03b2-<small>D</small>-Gal<em>p</em>-(1\u21924)-\u03b2-<small>D</small>-Glc<em>p</em>NAc-yl": "*[C@@H]1O[C@H](CO)[C@@H](O[C@@H]2O[C@H](CO)[C@H](O)[C@H](O[C@H]3O[C@H](CO)[C@H](O)[C@H](O)[C@H]3O)[C@H]2O)[C@H](O)[C@H]1NC(C)=O",
    "\u03b1-<small>D</small>-GalN-(1\u21924)-[\u03b1-<small>L</small><small>D</small>-Hep-(1\u21922)-\u03b1-<small>D</small><small>D</small>-Hep-(1\u21922)]-\u03b1-<small>D</small>-GalA-yl": "*[C@H]1O[C@H](C(=O)O)[C@H](O[C@H]2O[C@H](CO)[C@H](O)[C@H](O)[C@H]2N)[C@H](O)[C@H]1O[C@H]1O[C@]([H])([C@H](O)CO)[C@@H](O)[C@H](O)[C@@H]1O[C@H]1O[C@]([H])([C@@H](O)CO)[C@@H](O)[C@H](O)[C@@H]1O",
    "<em>N</em>-acetyl-\u03b2-<small>D</small>-galactosaminyl-(1\u21923)-<em>N</em>-acetyl-\u03b2-<small>D</small>-glucosaminyl-(1\u21924)-6-<em>O</em>-phosphonato-\u03b1-<small>D</small>-mannosyl (2\u2212)": "*[C@H]1O[C@H](COP(=O)([O-])[O-])[C@@H](O[C@@H]2O[C@H](CO)[C@@H](O)[C@H](O[C@@H]3O[C@H](CO)[C@H](O)[C@H](O)[C@H]3NC(C)=O)[C@H]2NC(C)=O)[C@H](O)[C@@H]1O",
    "\u03b1-<small>D</small>-Rha<em>p</em>4NFo-(1\u21922)-\u03b1-<small>D</small>-Rha<em>p</em>4NFo(1\u21923)-\u03b1-<small>D</small>-Rha<em>p</em>4NFo-yl": "*[C@H]1O[C@H](C)[C@@H](NC([H])=O)[C@H](O[C@H]2O[C@H](C)[C@@H](NC([H])=O)[C@H](O)[C@@H]2O[C@H]2O[C@H](C)[C@@H](NC([H])=O)[C@H](O)[C@@H]2O)[C@@H]1O",
    "taurino": "*NCCS(=O)(=O)O",
    "piperacilloyl": "*C(=O)[C@@H](NC(=O)[C@H](NC(=O)N1CC(CC)NC(=O)C1=O)c1ccccc1)[C@]1([H])N[C@@H](C(=O)O)C(C)(C)S1",
    "salicyl": "*OC(=O)c1ccccc1O",
    "carboxylato": "*C(=O)[O-]",
    "adenosinediphosphoribosyl": "*[C@@H]1O[C@H](COP(=O)(O)OP(=O)(O)OC[C@H]2O[C@@H](n3cnc4c(N)ncnc43)[C@H](O)[C@@H]2O)[C@@H](O)[C@H]1O",
    "alanino": "*NC(C)C(=O)O",
    "alanyl": "*C(=O)C(C)N",
    "arachidonyl": "*CCCC/C=CC/C=CC/C=CC/C=CCCCCC",
    "arginyl": "*C(=O)C(N)CCCNC(=N)N",
    "asparaginyl": "*C(=O)C(N)CC(N)=O",
    "asparto": "*NC(CC(=O)O)C(=O)O",
    "aspartoyl": "*C(=O)CC(N)C(*)=O",
    "behenoyl": "*C(=O)CCCCCCCCCCCCCCCCCCCCC",
    "benzyl": "*Cc1ccccc1",
    "biotinyl": "*C(=O)CCCC[C@@H]1SC[C@]2([H])NC(=O)N[C@]12[H]",
    "cerotoyl": "*C(=O)CCCCCCCCCCCCCCCCCCCCCCCCC",
    "ceryl": "*CCCCCCCCCCCCCCCCCCCCCCCCCC",
    "dimethylamino": "*N(C)C",
    "cholyl": "*C(=O)CC[C@@H](C)[C@@]1([H])CC[C@@]2([H])[C@]3([H])[C@H](O)C[C@]4([H])C[C@H](O)CC[C@]4(C)[C@@]3([H])C[C@H](O)[C@@]21C",
    "cysteinyl": "*C(=O)C(N)CS",
    "cystyl": "*C(=O)C(N)CSSCC(N)C(*)=O",
    "decanoyl": "*C(=O)CCCCCCCCC",
    "decyl": "*CCCCCCCCCC",
    "dodecyl": "*CCCCCCCCCCCC",
    "dolichyl": "*CCC(C)CC/C=C(/C)CC/C=C(C)CC/C=C(C)CCC=C(C)C",
    "elaidoyl": "*C(=O)CCCCCCC/C=C/CCCCCCCC",
    "eleostearoyl": "*C(=O)CCCCCCCC=CC=CC=CCCCC",
    "farnesyl": "*CC([H])=C(C)CCC([H])=C(C)CCC=C(C)C",
    "fumaroyl": "*C(=O)/C=C/C(*)=O",
    "glutaminyl": "*C(=O)C(N)CCC(N)=O",
    "glutamo": "*NC(CCC(=O)O)C(=O)O",
    "glutamoyl": "*C(=O)CCC(N)C(*)=O",
    "glyceryl": "*CC(*)C*",
    "heptyl": "*CCCCCCC",
    "hexanoyl": "*C(=O)CCCCC",
    "hydroxymethyl": "*CO",
    "maleoyl": "*C(=O)/C=CC(*)=O",
    "malonyl": "*C(=O)CC(*)=O",
    "maloyl": "*C(=O)CC(O)C(*)=O",
    "methionino": "*NC(CCSC)C(=O)O",
    "montanoyl": "*C(=O)CCCCCCCCCCCCCCCCCCCCCCCCCCC",
    "myricyl": "*CCCCCCCCCCCCCCCCCCCCCCCCCCCCCC",
    "myristyl": "*CCCCCCCCCCCCCC",
    "nervonoyl": "*C(=O)CCCCCCCCCCCCC/C=CCCCCCCCC",
    "neuraminoyl": "*C(=O)[C@@]1(O)C[C@]([H])(O)[C@@]([H])(N)[C@]([H])([C@]([H])(O)[C@]([H])(O)CO)O1",
    "nonanoyl": "*C(=O)CCCCCCCC",
    "nonyl": "*CCCCCCCCC",
    "octanoyl": "*C(=O)CCCCCCC",
    "octyl": "*CCCCCCCC",
    "pantoyl": "*C(=O)C(O)C(C)(C)CO",
    "pentyl": "*CCCCC",
    "phenylalanino": "*NC(Cc1ccccc1)C(=O)O",
    "phenylalanyl": "*C(=O)C(N)Cc1ccccc1",
    "phosphatidyl": "*P(=O)(O)OCC(COC([1*])=O)OC([2*])=O",
    "phthaloyl": "*C(=O)c1ccccc1C(*)=O",
    "phthalyl": "*C(=O)c1ccccc1C(=O)O",
    "prolyl": "*C(=O)C1CCCN1",
    "propionyl": "*C(=O)CC",
    "propyl": "*CCC",
    "pteroyl": "*C(=O)c1ccc(NCc2cnc3nc(N)nc(=O)c3n2)cc1",
    "retinoyl": "*C(=O)/C=C(C)/C=C/C=C(C)/C=C/C1=C(C)CCCC1(C)C",
    "ribosyl": "*C1O[C@H](CO)[C@@H](O)[C@H]1O",
    "stearoyl": "*C(=O)CCCCCCCCCCCCCCCCC",
    "stearyl": "*CCCCCCCCCCCCCCCCCC",
    "tauryl": "*S(=O)(=O)CCN",
    "tryptophano": "*NC(Cc1cnc2ccccc12)C(=O)O",
    "tyrosino": "*NC(Cc1ccc(O)cc1)C(=O)O",
    "undecanoyl": "*C(=O)CCCCCCCCCC",
    "vaccenoyl": "*C(=O)CCCCCCCCCC([H])=C([H])CCCCCC",
    "valeryl": "*C(=O)CCCC",
    "valino": "*NC(C(=O)O)C(C)C",
    "imino": "*=N",
    "azanediyl": "*N(*)[H]",
    "oxy": "*O*",
    "oxido": "*[O-]",
    "methylidene": "*=C",
    "methanidyl": "*[C-]([H])[H]",
    "ethylene": "*CC*",
    "peroxy": "*OO*",
    "thiocyanato": "*SC#N",
    "methylidyne": "*#C",
    "methanylylidene": "*C(=*)[H]",
    "methanetriyl": "*C(*)(*)[H]",
    "isothiocyanato": "*N=C=S",
    "selenocyanato": "*[Se]C#N",
    "isoselenocyanato": "*N=C=[Se]",
    "arsanyl": "*[As]([H])[H]",
    "arsanediyl": "*[As](*)[H]",
    "arsanylidene": "*=[AsH]",
    "arsanetriyl": "*[As](*)*",
    "hydroxyamino": "*N([H])O",
    "aminooxy": "*ON",
    "azinoyl": "*[N+]([H])([H])[O-]",
    "selenol": "*[SeH]",
    "nitro": "*[N+](=O)[O-]",
    "nitrosooxy": "*ON=O",
    "trioxidanyl": "*OOO[H]",
    "hydroperoxy": "*OO[H]",
    "nitrooxy": "*O[N+](=O)[O-]",
    "cyanato": "*OC#N",
    "isocyanato": "*N=C=O",
    "carbonimidoyl": "*C(*)=N",
    "iminomethylidene": "*=C=N",
    "sulfinyl": "*S(*)=O",
    "sulfonyl": "*S(*)(=O)=O",
    "disulfanediyl": "*SS*",
    "sulfinothioyl": "*S(*)=S",
    "sulfonothioyl": "*S(*)(=O)=S",
    "sulfinimidoyl": "*S(*)=N[H]",
    "sulfanediyl": "*S*",
    "sulfido": "*[S-]",
    "thioxo": "*=S",
    "trisulfanediyl": "*SSS*",
    "sulfonodithioyl": "*S(*)(=S)=S",
    "tetrasulfanediyl": "*SSSS*",
    "disulfanidyl": "*S[S-]",
    "arsaniumyl": "*[AsH3+]",
    "arsonoyl": "*[As](*)([H])=O",
    "arsonoylidene": "*=[As]([H])=O",
    "ethylidene": "*=C([H])C",
    "ethenylidene": "*=C=C",
    "allenylidene": "*=C=C=C",
    "benzylidene": "*=Cc1ccccc1",
    "isopropylidene": "*=C(C)C",
    "bromosyl": "*Br=O",
    "bromooxy": "*OBr",
    "perchloryl": "*Cl(=O)(=O)=O",
    "chlorosyl": "*Cl=O",
    "chlorooxy": "*OCl",
    "bromyl": "*Br(=O)=O",
    "chloryl": "*Cl(=O)=O",
    "perbromyl": "*Br(=O)(=O)=O",
    "iodosyl": "*I=O",
    "iodooxy": "*OI",
    "iodyl": "*I(=O)=O",
    "periodyl": "*I(=O)(=O)=O",
    "selenono": "*[Se](=O)(=O)O",
    "phosphanyl": "*P([H])[H]",
    "phosphanediyl": "*P(*)[H]",
    "phosphanylidene": "*=P",
    "methanetetrayl": "*C(*)(*)*",
    "methanediylidene": "*=C=*",
    "hydrazino": "*N([H])N([H])[H]",
    "hydrazinylidene": "*=NN([H])[H]",
    "diazo": "*=[N+]=[N-]",
    "azo": "*/N=N/*",
    "hydrazinediylidene": "*=NN=*",
    "alumanyl": "[*][Al]([H])[H]",
    "carbonylidene": "*=C=O",
    "boranuidyl": "*[B-]([H])([H])[H]",
    "boranetriyl": "*B(*)*",
    "boranylidyne": "*#B",
    "phosphanetriyl": "*P(*)*",
    "azanidylidene": "*=[N-]",
    "azanediidyl": "*[N-2]",
    "azanetriyl": "*N(*)*",
    "azanylylidene": "*N=*",
    "azanylidyne": "*#N",
    "fluorosyl": "*F=O",
    "thiocarbonyl": "*C(*)=S",
    "carbonothioylidene": "*=C=S",
    "arsoryl": "*[As](*)(*)=O",
    "arsorylidene": "*[As](=*)=O",
    "arsorylidyne": "*#[As]=O",
    "arsinoyl": "*[As]([H])([H])=O",
    "phosphaniumyl": "*[PH3+]",
    "stibaniumyl": "[*][Sb+]([H])([H])[H]",
    "isopropyl": "*C(C)C",
    "isopropenyl": "*C(=C)C",
    "isobutyl": "*CC(C)C",
    "neopentyl": "*CC(C)(C)C",
    "isopentyl": "*CCC(C)C",
    "allyl": "*CC=C",
    "cyclopropyl": "*C1CC1",
    "cyclobutyl": "*C1CCC1",
    "phenyl": "*c1ccccc1",
    "indiganyl": "[*][In]([H])[H]",
    "thallanyl": "[*][Tl]([H])[H]",
    "tellaniumyl": "*[Te+]([H])[H]",
    "tellanediyl": "*[Te]*",
    "tellanylidene": "*=[Te]",
    "tellanyl": "*[Te][H]",
    "trioxidanediyl": "*OOO*",
    "stannyl": "[*][Sn]([H])([H])[H]",
    "silyl": "*[Si]([H])([H])[H]",
    "germyl": "[*][Ge]([H])([H])[H]",
    "plumbyl": "[*][Pb]([H])([H])[H]",
    "germanetriyl": "[*][Ge]([*])([*])[H]",
    "germanylylidene": "[*][Ge](=[*])[H]",
    "germylidyne": "[*]#[Ge][H]",
    "germanetetrayl": "[*][Ge]([*])([*])[*]",
    "germanediylidene": "[*]=[Ge]=[*]",
    "germylidene": "[*]=[Ge]([H])[H]",
    "germanediyl": "[*][Ge]([*])([H])[H]",
    "plumbylidene": "[*]=[Pb]([H])[H]",
    "silylidene": "*=[Si]([H])[H]",
    "stannylidene": "[*]=[Sn]([H])[H]",
    "stannylidyne": "[*]#[Sn][H]",
    "silylidyne": "*#[Si][H]",
    "plumbylidyne": "[*]#[Pb][H]",
    "silanylylidene": "*[Si](=*)[H]",
    "stannanetriyl": "[*][Sn]([*])([*])[H]",
    "silanetriyl": "*[Si](*)(*)[H]",
    "plumbanetriyl": "[*][Pb]([*])([*])[H]",
    "silanediylidene": "*=[Si]=*",
    "silanetetrayl": "*[Si](*)(*)*",
    "silanediyl": "*[Si](*)([H])[H]",
    "disilanyl": "*[Si]([H])([H])[Si]([H])([H])[H]",
    "ditellanyl": "*[Te][Te][H]",
    "diselanyl": "*[Se][Se][H]",
    "trisulfanyl": "*SSS",
    "tetrasulfanyl": "*SSSS[H]",
    "pentasulfanyl": "*SSSSS[H]",
    "anilinocarbonyl": "*C(=O)Nc1ccccc1",
    "epoxy": "*C1([H])OC1(*)[H]",
    "trichloromethyl": "*C(Cl)(Cl)Cl",
    "glyceroyl": "*C(=O)C(O)CO",
    "oxalyl": "*C(=O)C(*)=O",
    "oxalo": "*C(=O)C(=O)O",
    "oxaloamino": "*NC(=O)C(=O)O",
    "oxalooxy": "*OC(=O)C(=O)O",
    "oxalosulfanyl": "*SC(=O)C(=O)O",
    "glycoloyl": "*C(=O)CO",
    "phosphonato": "*P(=O)([O-])[O-]",
    "tetramethylene": "*CCCC*",
    "lignoceroyl": "*C(=O)CCCCCCCCCCCCCCCCCCCCCCC",
    "melissoyl": "*C(=O)CCCCCCCCCCCCCCCCCCCCCCCCCCCCC",
    "heptanoyl": "*C(=O)CCCCCC",
    "margaroyl": "*C(=O)CCCCCCCCCCCCCCCC",
    "myristoleoyl": "*C(=O)CCCCCCC/C=CCCCC",
    "petroselinoyl": "*C(=O)CCCC/C=CCCCCCCCCCCC",
    "petroselaidoyl": "*C(=O)CCCC/C=C/CCCCCCCCCCC",
    "erucoyl": "*C(=O)CCCCCCCCCCC/C=CCCCCCCCC",
    "phosphorothioyl": "*P(*)(*)=S",
    "phosphonothioyl": "*P(*)([H])=S",
    "gadoleoyl": "*C(=O)CCCCCCC/C=CCCCCCCCCCC",
    "gadelaidoyl": "*C(=O)CCCCCCC/C=C/CCCCCCCCCC",
    "cetoleoyl": "*C(=O)CCCCCCCCC/C=CCCCCCCCCCC",
    "cysteino": "*NC(CS)C(=O)O",
    "isoleucino": "*NC(C(=O)O)C(C)CC",
    "leucino": "*NC(CC(C)C)C(=O)O",
    "selenocysteinyl": "*C(=O)C(N)C[SeH]",
    "selenocysteino": "*NC(C[SeH])C(=O)O",
    "serino": "*NC(CO)C(=O)O",
    "prolino": "*N1CCCC1C(=O)O",
    "undecyl": "*CCCCCCCCCCC",
    "tridecyl": "*CCCCCCCCCCCCC",
    "pentadecyl": "*CCCCCCCCCCCCCCC",
    "margaryl": "*CCCCCCCCCCCCCCCCC",
    "nonadecyl": "*CCCCCCCCCCCCCCCCCCC",
    "arachidyl": "*CCCCCCCCCCCCCCCCCCCC",
    "henicosyl": "*CCCCCCCCCCCCCCCCCCCCC",
    "behenyl": "*CCCCCCCCCCCCCCCCCCCCCC",
    "tricosyl": "*CCCCCCCCCCCCCCCCCCCCCCC",
    "lignoceryl": "*CCCCCCCCCCCCCCCCCCCCCCCC",
    "pentacosyl": "*CCCCCCCCCCCCCCCCCCCCCCCCC",
    "heptacosyl": "*CCCCCCCCCCCCCCCCCCCCCCCCCCC",
    "montanyl": "*CCCCCCCCCCCCCCCCCCCCCCCCCCCC",
    "nonacosyl": "*CCCCCCCCCCCCCCCCCCCCCCCCCCCCC",
    "triphosphate": "*OP(=O)(O)OP(=O)(O)OP(=O)(O)O",
    "organotriphosphate": "*C(*)(*)OP(=O)(O)OP(=O)(O)OP(=O)(O)O",
    "obtusiloyl": "*C(=O)CC/C=CCCCCC",
    "boranyl": "*B([H])[H]",
    "nitroso": "*N=O",
    "azido": "*N=[N+]=[N-]",
    "isocyano": "*[N+]#[C-]",
    "isotellurocyanato": "*N=C=[Te]",
    "sulfaniumyl": "*[S+]([H])[H]",
    "carboxyamino": "*NC(=O)O",
    "gallanyl": "[*][Ga]([H])[H]",
    "vinyl": "*C=C",
    "valyl": "*C(=O)C(N)C(C)C",
    "tyrosyl": "*C(=O)C(N)Cc1ccc(O)cc1",
    "tryptophyl": "*C(=O)C(N)Cc1cnc2ccccc12",
    "threonyl": "*C(=O)C(N)C(C)O",
    "seryl": "*C(=O)C(N)CO",
    "methionyl": "*C(=O)C(N)CCSC",
    "lysyl": "*C(=O)C(N)CCCCN",
    "leucyl": "*C(=O)C(N)CC(C)C",
    "isoleucyl": "*C(=O)C(N)C(C)CC",
    "histidyl": "*C(=O)C(N)Cc1cncn1",
    "succinyl": "*C(=O)CCC(*)=O",
    "butenedioyl": "*C(=O)C([H])=C([H])C(*)=O",
    "borono": "*B(O)O",
    "boranediyl": "*B(*)[H]",
    "boranylidene": "*=B",
    "palmitoyl": "*C(=O)CCCCCCCCCCCCCCC",
    "glycino": "*NCC(=O)O",
    "glycyl": "*C(=O)CN",
    "propoxy": "*OCCC",
    "ornithyl": "*C(=O)C(N)CCCN",
    "acetoacetyl": "*C(=O)CC(C)=O",
    "acetylhydrazino": "*NNC(C)=O",
    "acetohydrazonoyl": "*/C(C)=NN",
    "acetonyl": "*CC(C)=O",
    "acetoxysulfonyl": "*S(=O)(=O)OC(C)=O",
    "acetylazanediyl": "*N(*)C(C)=O",
    "acetylimino": "*=NC(C)=O",
    "acetyloxy": "*OC(C)=O",
    "acryloyl": "*C(=O)C=C",
    "hexanedioyl": "*C(=O)CCCCC(*)=O",
    "allylidyne": "*#CC=C",
    "carbamimidoyl": "*C(=N)N",
    "disiloxanyl": "*[Si]([H])([H])O[Si]([H])([H])[H]",
    "semicarbazido": "*NNC(N)=O",
    "phosphoramidochloridoyl": "*P(N)(=O)Cl",
    "hydrido": "*[H]",
    "sulfamoyl": "*S(N)(=O)=O",
    "azaniumyl": "*[NH3+]",
    "anilino": "*Nc1ccccc1",
    "amidyl": "*[NH-]",
    "acetamido": "*NC(C)=O",
    "methaneimidamido": "*NC=N",
    "stiboryl": "[*][Sb]([*])([*])=[O]",
    "arsonato": "*[As](=O)([O-])[O-]",
    "phenylsulfanyl": "*Sc1ccccc1",
    "triflyl": "*S(=O)(=O)C(F)(F)F",
    "allylidene": "*=CC=C",
    "sulfino": "*S(=O)O",
    "deoxyhypusinyl": "*C(=O)[C@@H](N)CCCCNCCCCN",
    "cystinyl": "*C(=O)C(N)CSSCC(N)C(=O)O",
    "trifluoromethyl": "*C(F)(F)F",
    "sulfanylmethyl": "*CS",
    "selanylmethyl": "*C[SeH]",
    "dihydrolipoyl": "*C(=O)CCCCC(S)CCS",
    "benzamido": "*NC(=O)c1ccccc1",
    "sinapoyl": "*C(=O)/C=C/c1cc(OC)c(O)c(OC)c1",
    "carboxyacetyl": "*C(=O)CC(=O)O",
    "dansyl": "*S(=O)(=O)c1cccc2c(N(C)C)cccc12",
    "difluoromethyl": "*C([H])(F)F",
    "methoxycarbonyl": "*C(=O)OC",
    "cyclohexyl": "*C1CCCCC1",
    "cyclopentyl": "*C1CCCC1",
    "benzylaminocarbonyl": "*C(=O)NCc1ccccc1",
    "pentafluorophenyl": "*c1c(F)c(F)c(F)c(F)c1F",
    "phosphatediyl": "*OP(=O)(O)O*",
    "benzylpenicillanyl": "*C(=O)[C@@H]1N2C(=O)[C@@H](NC(=O)Cc3ccccc3)[C@@]2([H])SC1(C)C",
    "benzylpenicilloyl": "*C(=O)[C@@H](NC(=O)Cc1ccccc1)[C@]1([H])N[C@@H](C(=O)O)C(C)(C)S1",
    "phenoxymethylpenicilloyl": "*C(=O)[C@@H](NC(=O)COc1ccccc1)[C@]1([H])N[C@@H](C(=O)O)C(C)(C)S1",
    "ampicilloyl": "*C(=O)[C@@H](NC(=O)[C@H](N)c1ccccc1)[C@]1([H])N[C@@H](C(=O)O)C(C)(C)S1",
    "amoxicilloyl": "*C(=O)[C@@H](NC(=O)[C@H](N)c1ccc(O)cc1)[C@]1([H])N[C@@H](C(=O)O)C(C)(C)S1",
    "phenoxymethylpenicillanyl": "*C(=O)[C@@H]1N2C(=O)[C@@H](NC(=O)COc3ccccc3)[C@@]2([H])SC1(C)C",
    "amoxicillanyl": "*C(=O)[C@@H]1N2C(=O)[C@@H](NC(=O)[C@H](N)c3ccc(O)cc3)[C@@]2([H])SC1(C)C",
    "ampicillanyl": "*C(=O)[C@@H]1N2C(=O)[C@@H](NC(=O)[C@H](N)c3ccccc3)[C@@]2([H])SC1(C)C",
    "furfuryl": "*Cc1ccco1",
    "sulbenicilloyl": "*C(=O)[C@@H](NC(=O)C(c1ccccc1)S(=O)(=O)O)[C@]1([H])N[C@@H](C(=O)O)C(C)(C)S1",
    "trimellityl": "*C(=O)c1ccc(C(=O)O)c(C(=O)O)c1",
    "carbenicilloyl": "*C(=O)[C@@H](NC(=O)C(C(=O)O)c1ccccc1)[C@]1([H])N[C@@H](C(=O)O)C(C)(C)S1",
    "carboxylatoacetyl": "*C(=O)CC(=O)[O-]",
    "azidocilloyl": "*C(=O)[C@@H](NC(=O)[C@H](N=[N+]=[N-])c1ccccc1)[C@]1([H])N[C@@H](C(=O)O)C(C)(C)S1",
    "phenethicilloyl": "*C(=O)[C@@H](NC(=O)C(C)Oc1ccccc1)[C@]1([H])N[C@@H](C(=O)O)C(C)(C)S1",
    "flucloxacilloyl": "*C(=O)[C@@H](NC(=O)c1c(-c2c(F)cccc2Cl)noc1C)[C@]1([H])N[C@@H](C(=O)O)C(C)(C)S1",
    "aztreonyl": "*C(=O)[C@@H](NC(=O)/C(=NOC(C)(C)C(=O)O)c1csc(N)n1)[C@H](C)NS(=O)(=O)O",
    "allylmercaptomethylpenicilloyl": "*C(=O)[C@@H](NC(=O)CSCC=C)[C@]1([H])N[C@@H](C(=O)O)C(C)(C)S1",
    "dimethoxyphenylpenicilloyl": "*C(=O)[C@@H](NC(=O)c1c(OC)cccc1OC)[C@]1([H])N[C@@H](C(=O)O)C(C)(C)S1",
    "phenylazo": "*N=Nc1ccccc1",
    "propylidene": "*=C([H])CC",
    "<em>N</em>-acetyl-\u03b2-<small>D</small>-glucosaminyl-(1\u21926)-[<em>N</em>-acetyl-\u03b1-<small>D</small>-glucosaminyl-(1\u21924)-\u03b2-<small>D</small>-galactosyl-(1\u21923)]-<em>N</em>-acetyl-\u03b1-<small>D</small>-galactosaminyl": "*[C@H]1O[C@H](CO[C@@H]2O[C@H](CO)[C@@H](O)[C@H](O)[C@H]2NC(C)=O)[C@H](O)[C@H](O[C@@H]2O[C@H](CO)[C@H](O[C@H]3O[C@H](CO)[C@@H](O)[C@H](O)[C@H]3NC(C)=O)[C@H](O)[C@H]2O)[C@H]1NC(C)=O",
    "\u03b1-<small>L</small>-Fuc<em>p</em>-(1\u21922)-[\u03b1-<small>D</small>-Gal<em>p</em>NAc-(1\u21923)]-\u03b2-<small>D</small>-Gal<em>p</em>-(1\u21923)-\u03b2-<small>D</small>-Gal<em>p</em>-yl": "*[C@@H]1O[C@H](CO)[C@H](O)[C@H](O[C@@H]2O[C@H](CO)[C@H](O)[C@H](O[C@H]3O[C@H](CO)[C@H](O)[C@H](O)[C@H]3NC(C)=O)[C@H]2O[C@@H]2O[C@@H](C)[C@@H](O)[C@@H](O)[C@@H]2O)[C@H]1O",
    "\u03b1-<small>L</small>-Fuc<em>p</em>-(1\u21922)-[\u03b1-<small>D</small>-Gal<em>p</em>NAc-(1\u21923)]-\u03b2-<small>D</small>-Gal<em>p</em>-(1\u21924)-\u03b2-<small>D</small>-Glc<em>p</em>-yl": "*[C@@H]1O[C@H](CO)[C@@H](O[C@@H]2O[C@H](CO)[C@H](O)[C@H](O[C@H]3O[C@H](CO)[C@H](O)[C@H](O)[C@H]3NC(C)=O)[C@H]2O[C@@H]2O[C@@H](C)[C@@H](O)[C@@H](O)[C@@H]2O)[C@H](O)[C@H]1O",
    "\u03b1-<small>L</small>-Fuc<em>p</em>-(1\u21922)-[\u03b1-<small>D</small>-Gal<em>p</em>-(1\u21923)]-\u03b2-<small>D</small>-Gal<em>p</em>-(1\u21923)-\u03b2-<small>D</small>-Gal<em>p</em>-yl": "*[C@@H]1O[C@H](CO)[C@H](O)[C@H](O[C@@H]2O[C@H](CO)[C@H](O)[C@H](O[C@H]3O[C@H](CO)[C@H](O)[C@H](O)[C@H]3O)[C@H]2O[C@@H]2O[C@@H](C)[C@@H](O)[C@@H](O)[C@@H]2O)[C@H]1O",
    "\u03b1-<small>L</small>-Fuc<em>p</em>-(1\u21922)-[\u03b1-<small>D</small>-Gal<em>p</em>-(1\u21923)]-\u03b2-<small>D</small>-Gal<em>p</em>-(1\u21924)-\u03b2-<small>D</small>-Glc<em>p</em>-yl": "*[C@@H]1O[C@H](CO)[C@@H](O[C@@H]2O[C@H](CO)[C@H](O)[C@H](O[C@H]3O[C@H](CO)[C@H](O)[C@H](O)[C@H]3O)[C@H]2O[C@@H]2O[C@@H](C)[C@@H](O)[C@@H](O)[C@@H]2O)[C@H](O)[C@H]1O",
    "\u03b1-<small>L</small>-Fuc<em>p</em>-(1\u21922)-[\u03b1-<small>D</small>-Gal<em>p</em>-(1\u21923)]-\u03b2-<small>D</small>-Gal<em>p</em>-(1\u21923)-\u03b2-<small>D</small>-Glc<em>p</em>NAc-yl": "*[C@@H]1O[C@H](CO)[C@@H](O)[C@H](O[C@@H]2O[C@H](CO)[C@H](O)[C@H](O[C@H]3O[C@H](CO)[C@H](O)[C@H](O)[C@H]3O)[C@H]2O[C@@H]2O[C@@H](C)[C@@H](O)[C@@H](O)[C@@H]2O)[C@H]1NC(C)=O",
    "\u03b1-<small>L</small>-Fuc<em>p</em>-(1\u21922)-[\u03b1-<small>D</small>-Gal<em>p</em>-(1\u21923)]-\u03b2-<small>D</small>-Gal<em>p</em>-(1\u21924)-\u03b2-<small>D</small>-Glc<em>p</em>NAc-yl": "*[C@@H]1O[C@H](CO)[C@@H](O[C@@H]2O[C@H](CO)[C@H](O)[C@H](O[C@H]3O[C@H](CO)[C@H](O)[C@H](O)[C@H]3O)[C@H]2O[C@@H]2O[C@@H](C)[C@@H](O)[C@@H](O)[C@@H]2O)[C@H](O)[C@H]1NC(C)=O",
    "\u03b1-<small>L</small>-Fuc<em>p</em>-(1\u21922)-[\u03b1-<small>D</small>-Gal<em>p</em>-(1\u21923)]-\u03b2-<small>D</small>-Gal<em>p</em>-(1\u21923)-\u03b1-<small>D</small>-Gal<em>p</em>NAc-yl": "*[C@H]1O[C@H](CO)[C@H](O)[C@H](O[C@@H]2O[C@H](CO)[C@H](O)[C@H](O[C@H]3O[C@H](CO)[C@H](O)[C@H](O)[C@H]3O)[C@H]2O[C@@H]2O[C@@H](C)[C@@H](O)[C@@H](O)[C@@H]2O)[C@H]1NC(C)=O",
    "\u03b1-<small>L</small>-Fuc<em>p</em>-(1\u21922)-[\u03b1-<small>D</small>-Gal<em>p</em>-(1\u21923)]-\u03b2-<small>D</small>-Gal<em>p</em>-(1\u21923)-\u03b2-<small>D</small>-Gal<em>p</em>NAc-yl": "*[C@@H]1O[C@H](CO)[C@H](O)[C@H](O[C@@H]2O[C@H](CO)[C@H](O)[C@H](O[C@H]3O[C@H](CO)[C@H](O)[C@H](O)[C@H]3O)[C@H]2O[C@@H]2O[C@@H](C)[C@@H](O)[C@@H](O)[C@@H]2O)[C@H]1NC(C)=O",
    "2-<em>O</em>-methyl-4-(3-hydroxy-3-methylbutamido)-4,6-dideoxy-\u03b2-<small>D</small>-glucosyl-(1\u21923)-\u03b1-<small>L</small>-rhamnosyl-(1\u21922)-\u03b1-<small>L</small>-rhamnosyl": "*[C@@H]1O[C@@H](C)[C@H](O)[C@@H](O)[C@H]1O[C@@H]1O[C@@H](C)[C@H](O)[C@@H](O[C@@H]2O[C@H](C)[C@@H](NC(=O)CC(C)(C)O)[C@H](O)[C@H]2OC)[C@H]1O",
    "\u03b1-<small>L</small>-Fuc<em>p</em>-(1\u21922)-[\u03b1-<small>D</small>-Gal<em>p</em>NAc-(1\u21923)]-\u03b2-<small>D</small>-Gal<em>p</em>-(1\u21923)-\u03b2-<small>D</small>-Glc<em>p</em>NAc-yl": "*[C@@H]1O[C@H](CO)[C@@H](O)[C@H](O[C@@H]2O[C@H](CO)[C@H](O)[C@H](O[C@H]3O[C@H](CO)[C@H](O)[C@H](O)[C@H]3NC(C)=O)[C@H]2O[C@@H]2O[C@@H](C)[C@@H](O)[C@@H](O)[C@@H]2O)[C@H]1NC(C)=O",
    "\u03b1-<small>L</small>-Fuc<em>p</em>-(1\u21922)-[\u03b1-<small>D</small>-Gal<em>p</em>NAc-(1\u21923)]-\u03b2-<small>D</small>-Gal<em>p</em>-(1\u21924)-\u03b2-<small>D</small>-Glc<em>p</em>NAc-yl": "*[C@@H]1O[C@H](CO)[C@@H](O[C@@H]2O[C@H](CO)[C@H](O)[C@H](O[C@H]3O[C@H](CO)[C@H](O)[C@H](O)[C@H]3NC(C)=O)[C@H]2O[C@@H]2O[C@@H](C)[C@@H](O)[C@@H](O)[C@@H]2O)[C@H](O)[C@H]1NC(C)=O",
    "\u03b1-<small>L</small>-Fuc<em>p</em>-(1\u21922)-[\u03b1-<small>D</small>-Gal<em>p</em>NAc-(1\u21923)]-\u03b2-<small>D</small>-Gal<em>p</em>-(1\u21923)-\u03b1-<small>D</small>-Gal<em>p</em>NAc-yl": "*[C@H]1O[C@H](CO)[C@H](O)[C@H](O[C@@H]2O[C@H](CO)[C@H](O)[C@H](O[C@H]3O[C@H](CO)[C@H](O)[C@H](O)[C@H]3NC(C)=O)[C@H]2O[C@@H]2O[C@@H](C)[C@@H](O)[C@@H](O)[C@@H]2O)[C@H]1NC(C)=O",
    "\u03b1-<small>L</small>-Fuc<em>p</em>-(1\u21922)-[\u03b1-<small>D</small>-Gal<em>p</em>NAc-(1\u21923)]-\u03b2-<small>D</small>-Gal<em>p</em>-(1\u21923)-\u03b2-<small>D</small>-Gal<em>p</em>NAc-yl": "*[C@@H]1O[C@H](CO)[C@H](O)[C@H](O[C@@H]2O[C@H](CO)[C@H](O)[C@H](O[C@H]3O[C@H](CO)[C@H](O)[C@H](O)[C@H]3NC(C)=O)[C@H]2O[C@@H]2O[C@@H](C)[C@@H](O)[C@@H](O)[C@@H]2O)[C@H]1NC(C)=O",
    "\u03b1-<small>L</small>-Fuc<em>p</em>-(1\u21922)-\u03b2-<small>D</small>-Gal<em>p</em>-(1\u21923)-[\u03b1-<small>L</small>-Fuc<em>p</em>-(1\u21924)]-\u03b2-<small>D</small>-Glc<em>p</em>NAc-yl": "*[C@@H]1O[C@H](CO)[C@@H](O[C@@H]2O[C@@H](C)[C@@H](O)[C@@H](O)[C@@H]2O)[C@H](O[C@@H]2O[C@H](CO)[C@H](O)[C@H](O)[C@H]2O[C@@H]2O[C@@H](C)[C@@H](O)[C@@H](O)[C@@H]2O)[C@H]1NC(C)=O",
    "\u03b2-<small>D</small>-mannosyl-(1\u21922)-\u03b2-<small>D</small>-mannosyl-(1\u21922)-\u03b2-<small>D</small>-mannosyl-(1\u21922)-\u03b2-<small>D</small>-mannosyl-(1\u21922)-\u03b2-<small>D</small>-mannosyl": "*[C@@H]1O[C@H](CO)[C@@H](O)[C@H](O)[C@@H]1O[C@@H]1O[C@H](CO)[C@@H](O)[C@H](O)[C@@H]1O[C@@H]1O[C@H](CO)[C@@H](O)[C@H](O)[C@@H]1O[C@@H]1O[C@H](CO)[C@@H](O)[C@H](O)[C@@H]1O[C@@H]1O[C@H](CO)[C@@H](O)[C@H](O)[C@@H]1O",
    "2-methoxyethyl": "*CCOC",
    "2-furyl": "*c1ccco1",
    "3-furyl": "*c1ccoc1",
    "\u03b1-aspartyl": "*C(=O)C(N)CC(=O)O",
    "\u03b1-glutamyl": "*C(=O)C(N)CCC(=O)O",
    "sulfonylbis(oxy)": "*OS(=O)(=O)O*",
    "\u03b1-muramyl": "*C(=O)[C@@H](C)O[C@@H]1[C@@H](N)[C@@H](O)O[C@H](CO)[C@H]1O",
    "\u03b2-muramyl": "*C(=O)[C@@H](C)O[C@@H]1[C@@H](N)[C@H](O)O[C@H](CO)[C@H]1O",
    "2-deoxyribosyl": "*C1([H])CC(O)C(CO)O1",
    "half-cystyl": "*SCC(N)C(*)=O",
    "1-tryptophano": "*n1cc(CC(N)C(=O)O)c2ccccc21",
    "1,2-phenylene": "*c1ccccc1*",
    "1,3-phenylene": "*c1cccc(*)c1",
    "1,4-phenylene": "*c1ccc(*)cc1",
    "2-thienyl": "*c1cccs1",
    "3-thienyl": "*c1ccsc1",
    "sulfanediylbis(methylene)": "*CSC*",
    "oxybis(methylene)": "*COC*",
    "2-oxopropylidene": "*=CC(C)=O",
    "2-oxopropylidyne": "*#CC(C)=O",
    "1-chloroethyl": "*C(C)Cl",
    "\u03bc-hydrido": "*[H]*",
    "(aminomethylidene)amino": "*/N=C/N",
    "2,6-dichlorobenzoyl": "*C(=O)c1c(Cl)cccc1Cl",
    "campholenic cyclohexenyl": "*C1CC=C(C2CC=C(C)C2(C)C)CC1",
    "2-carboxyethyl": "*CCC(=O)O",
    "4-hydroxybenzyl": "*Cc1ccc(O)cc1",
    "4-aminobutyl": "*CCCCN",
    "3-carbamimidamidopropyl": "*CCCNC(=N)N",
    "1-hydroxyethyl": "*C(C)O",
    "1-naphthyl": "*c1cccc2ccccc12",
    "2-naphthyl": "*c1ccc2ccccc2c1",
    "7-oxindolyl": "*c1cccc2c1NC(=O)C2",
    "2-pyridyl": "*c1ccccn1",
    "3-pyridyl": "*c1cccnc1",
    "4-pyridyl": "*c1ccncc1",
    "2-pyrrolyl": "*c1cccn1",
    "3-pyrrolyl": "*c1ccnc1",
    "2-naphthoyl": "*C(=O)c1ccc2ccccc2c1",
    "1-naphthoyl": "*C(=O)c1cccc2ccccc12",
    "1-propynyl": "*C#CC",
    "2,4-dinitrophenyl": "*c1ccc([N+](=O)[O-])cc1[N+](=O)[O-]",
    "2,4,6-trinitrophenyl": "*c1c([N+](=O)[O-])cc([N+](=O)[O-])cc1[N+](=O)[O-]",
    "4-arsonophenyldiazenyl": "*/N=N/c1ccc([As](=O)(O)O)cc1",
    "6-formamidopenicilloyl": "*C(=O)[C@@H](NC([H])=O)[C@]1([H])N[C@@H](C(=O)O)C(C)(C)S1",
    "3,4-dimethoxybenzyl": "*Cc1ccc(OC)c(OC)c1",
    "2-hydroxybenzoyl": "*C(=O)c1ccccc1O",
    "5-chloropentanoyl": "*C(=O)CCCCCl",
    "4-bromobenzoyl": "*C(=O)c1ccc(Br)cc1",
    "2-iodobenzoyl": "*C(=O)c1ccccc1I",
    "6-bromohexanoyl": "*C(=O)CCCCCBr",
    "2,6-dinitrophenyl": "*c1c([N+](=O)[O-])cccc1[N+](=O)[O-]",
    "glycino(1\u2212)": "*NCC(=O)[O-]",
    "\u03b1-hydroxyglycino": "*NC(O)C(=O)O",
    "(<em>N</em>-acetyl-\u03b2-<small>D</small>-glucosaminyl-1,2)-\u03b1-<small>D</small>-mannosyl-1,3-(\u03b2-<em>N</em>-acetyl-<small>D</small>-glucosaminyl-1,2-\u03b1-<small>D</small>-mannosyl-1,6)-\u03b2-<small>D</small>-mannosyl": "*[C@@H]1O[C@H](CO[C@H]2O[C@H](CO)[C@@H](O)[C@H](O)[C@@H]2O[C@@H]2O[C@H](CO)[C@@H](O)[C@H](O)[C@H]2NC(C)=O)[C@@H](O)[C@H](O[C@H]2O[C@H](CO)[C@@H](O)[C@H](O)[C@@H]2O)[C@@H]1O[C@@H]1O[C@H](CO)[C@@H](O)[C@H](O)[C@H]1NC(C)=O",
    "\u03b1-<small>D</small>-Gal-(1\u21923)-[\u03b1-<small>L</small>-Fuc-(1\u21922)]-\u03b2-<small>D</small>-Gal-(1\u21924)-\u03b2-<small>D</small>-GlcNAc-(1\u21923)-\u03b1-<small>D</small>-Gal-yl": "*[C@H]1O[C@H](CO)[C@H](O)[C@H](O[C@@H]2O[C@H](CO)[C@@H](O[C@@H]3O[C@H](CO)[C@H](O)[C@H](O[C@H]4O[C@H](CO)[C@H](O)[C@H](O)[C@H]4O)[C@H]3O[C@@H]3O[C@@H](C)[C@@H](O)[C@@H](O)[C@@H]3O)[C@H](O)[C@H]2NC(C)=O)[C@H]1O",
    "3-(acyloxy)acyl": "[1*]C(=O)CC([2*])OC([3*])=O",
    "fluorescein-5-carbonyl": "*C(=O)c1ccc2c(c1)C(=O)OC21c2ccc(O)cc2Oc2cc(O)ccc21",
    "fluorescein-6-carbonyl": "*C(=O)c1ccc2c(c1)C1(OC2=O)c2ccc(O)cc2Oc2cc(O)ccc21",
    "carotenoid \u03c6-end": "*/C=C(C)/C=C/C=C(C)/C=C/c1c(C)ccc(C)c1C",
    "carotenoid \u03c7-end": "*/C=C(C)/C=C/C=C(C)/C=C/c1ccc(C)c(C)c1C",
    "hydrazine-1,2-diyl": "*N([H])N(*)[H]",
    "thymin-1-yl": "*n1cc(C)c(=O)nc1=O",
    "uracil-1-yl": "*n1ccc(=O)nc1=O",
    "pentan-2-yl": "*C(C)CCC",
    "pentan-3-yl": "*C(CC)CC",
    "biphenyl-4-yl": "*c1ccc(-c2ccccc2)cc1",
    "fumagillin-2-yl": "*C[C@@]1(O)CC[C@@H](OC(=O)/C=C/C=C/C=C/C=C/C(=O)O)[C@@H](OC)[C@]1([H])[C@@]1(C)O[C@@H]1CC=C(C)C",
    "morpholin-4-ylsulfonyl": "*S(=O)(=O)N1CCOCC1",
    "ethene-1,2-diyl": "*/C=C/*",
    "pantetheine 4'-phosphate": "*OP(=O)([O-])OCC(C)(C)C(O)C(=O)NCCC(=O)NCCS",
    "adamantan-2-yl": "*C1C2CC3CC(C2)CC1C3",
    "disiloxane-1,3-diyl": "*[Si]([H])([H])O[Si](*)([H])[H]",
    "anthracen-1-yl": "*c1cccc2cc3ccccc3cc12",
    "anthracen-2-yl": "*c1ccc2cc3ccccc3cc2c1",
    "imidazol-2-yl": "*c1nccn1",
    "imidazol-5-yl": "*c1cncn1",
    "imidazol-4-yl": "*c1cncn1",
    "2-(methylsulfanyl)ethyl": "*CCSC",
    "octadec-6-enoyl": "*C(=O)CCCCC=CCCCCCCCCCCC",
    "octadec-9-enoyl": "*C(=O)CCCCCCCC([H])=C([H])CCCCCCCC",
    "pyrrole-2,5-diyl": "*c1ccc(*)n1",
    "pyrrole-3,4-diyl": "*c1cncc1*",
    "furan-2,5-diyl": "*c1ccc(*)o1",
    "furan-3,4-diyl": "*c1cocc1*",
    "indol-2-yl": "*c1cc2ccccc2n1",
    "indol-3-yl": "*c1cnc2ccccc12",
    "pyren-1-yl": "*c1ccc2ccc3cccc4ccc1c2c34",
    "pyren-2-yl": "*c1cc2ccc3cccc4ccc(c1)c2c34",
    "pyren-4-yl": "*c1cc2cccc3ccc4cccc1c4c32",
    "octadec-9-ynoyl": "*C(=O)CCCCCCCC#CCCCCCCCC",
    "3-(leucinocarbonyl)phenylazo": "*N=Nc1cccc(C(=O)NC(CC(C)C)C(=O)O)c1",
    "2-(trifluoromethyl)benzoyl": "*C(=O)c1ccccc1C(F)(F)F",
    "3-(trifluoromethyl)benzoyl": "*C(=O)c1cccc(C(F)(F)F)c1",
    "4-(trifluoromethyl)benzoyl": "*C(=O)c1ccc(C(F)(F)F)cc1",
    "purin-6-oyl": "*C(=O)c1ncnc2ncnc12",
    "(3-sulfonatophenyl)azo": "*N=Nc1cccc(S(=O)(=O)[O-])c1",
    "3-(glycinocarbonyl)phenylazo": "*N=Nc1cccc(C(=O)NCC(=O)O)c1",
    "(2-carboxylatophenyl)azo": "*N=Nc1ccccc1C(=O)[O-]",
    "(3-carboxylatophenyl)azo": "*N=Nc1cccc(C(=O)[O-])c1",
    "(4-carboxylatophenyl)azo": "*N=Nc1ccc(C(=O)[O-])cc1",
    "(2-sulfonatophenyl)azo": "*N=Nc1ccccc1S(=O)(=O)[O-]",
    "(4-sulfonatophenyl)azo": "*/N=Nc1ccc(S(=O)(=O)[O-])cc1",
    "(2-nitrophenyl)azo": "*N=Nc1ccccc1[N+](=O)[O-]",
    "(3-nitrophenyl)azo": "*N=Nc1cccc([N+](=O)[O-])c1",
    "(4-nitrophenyl)azo": "*/N=Nc1ccc([N+](=O)[O-])cc1",
    "\u03b1-hydroxyglycino(1\u2212)": "*NC(O)C(=O)[O-]",
    "fluorescein-5(6)-carbonyl": "*C(=O)c1ccc2c(c1)C(=O)OC21c2ccc(O)cc2Oc2cc(O)ccc21.*C(=O)c1ccc2c(c1)C1(OC2=O)c2ccc(O)cc2Oc2cc(O)ccc21",
    "high-mannose N-glycan": "*OC[C@H]1O[C@H](OC[C@H]2O[C@@H](O[C@H]3[C@H](O)[C@@H](NC(C)=O)[C@H](O[C@H]4[C@H](O)[C@@H](NC(C)=O)[C@H]([1*])O[C@@H]4CO)O[C@@H]3CO)[C@@H](O)[C@@H](O[C@H]3O[C@H](CO*)[C@@H](O*)[C@H](O*)[C@@H]3O*)[C@@H]2O)[C@@H](O*)[C@@H](O*)[C@@H]1O*",
    "guanosine-5'-triphosphate(3-)": "*OP(=O)([O-])OP(=O)([O-])OP(=O)([O-])OC[C@H]1O[C@@H](n2cnc3c(=O)nc(N)nc32)[C@H](O)[C@@H]1O",
    "<small>L</small>-leuciniumyl": "*C(=O)[C@@H]([NH3+])CC(C)C",
    "<i>cis</i>-vaccenoyl": "*C(=O)CCCCCCCCC/C=CCCCCCC",
    "<i>trans</i>-vaccenoyl": "*C(=O)CCCCCCCCC/C=C/CCCCCC",
    "<em>tert</em>-butyl": "*C(C)(C)C",
    "<em>tert</em>-pentyl": "*C(C)(C)CC",
    "<i>trans</i>-parinaroyl": "*C(=O)CCCCCCC/C=C/C=C/C=C/C=C/CC",
    "<small>L</small>-alanyl": "*C(=O)[C@H](C)N",
    "<small>L</small>-alanino": "*N[C@@H](C)C(=O)O",
    "<small>D</small>-alanyl": "*C(=O)[C@@H](C)N",
    "<small>D</small>-alanino": "*N[C@H](C)C(=O)O",
    "<small>L</small>-cysteinyl": "*C(=O)[C@@H](N)CS",
    "<small>L</small>-cysteino": "*N[C@@H](CS)C(=O)O",
    "<small>D</small>-cysteinyl": "*C(=O)[C@H](N)CS",
    "<small>D</small>-cysteino": "*N[C@H](CS)C(=O)O",
    "<small>L</small>-aspartoyl": "*C(=O)C[C@H](N)C(*)=O",
    "<small>L</small>-asparto": "*N[C@@H](CC(=O)O)C(=O)O",
    "<small>D</small>-aspartoyl": "*C(=O)C[C@@H](N)C(*)=O",
    "<small>D</small>-asparto": "*N[C@H](CC(=O)O)C(=O)O",
    "<small>L</small>-glutamoyl": "*C(=O)CC[C@H](N)C(*)=O",
    "<small>D</small>-glutamoyl": "*C(=O)CC[C@@H](N)C(*)=O",
    "<small>D</small>-glutamo": "*N[C@H](CCC(=O)O)C(=O)O",
    "<small>L</small>-phenylalanyl": "*C(=O)[C@@H](N)Cc1ccccc1",
    "<small>D</small>-phenylalanyl": "*C(=O)[C@H](N)Cc1ccccc1",
    "<small>L</small>-phenylalanino": "*N[C@@H](Cc1ccccc1)C(=O)O",
    "<small>D</small>-phenylalanino": "*N[C@H](Cc1ccccc1)C(=O)O",
    "<small>L</small>-histidyl": "*C(=O)[C@@H](N)Cc1cncn1",
    "<small>D</small>-histidyl": "*C(=O)[C@H](N)Cc1cncn1",
    "<small>L</small>-lysyl": "*C(=O)[C@@H](N)CCCCN",
    "<small>D</small>-lysyl": "*C(=O)[C@H](N)CCCCN",
    "<small>L</small>-isoleucyl": "*C(=O)[C@@H](N)[C@@H](C)CC",
    "<small>L</small>-isoleucino": "*N[C@H](C(=O)O)[C@@H](C)CC",
    "<small>D</small>-isoleucyl": "*C(=O)[C@H](N)[C@H](C)CC",
    "<small>D</small>-isoleucino": "*N[C@@H](C(=O)O)[C@H](C)CC",
    "<small>L</small>-leucyl": "*C(=O)[C@@H](N)CC(C)C",
    "<small>L</small>-leucino": "*N[C@@H](CC(C)C)C(=O)O",
    "<small>D</small>-leucyl": "*C(=O)[C@H](N)CC(C)C",
    "<small>D</small>-leucino": "*N[C@H](CC(C)C)C(=O)O",
    "<small>D</small>-methionyl": "*C(=O)[C@H](N)CCSC",
    "<small>D</small>-methionino": "*N[C@H](CCSC)C(=O)O",
    "<small>D</small>-asparaginyl": "*C(=O)[C@H](N)CC(N)=O",
    "<small>L</small>-glutaminyl": "*C(=O)[C@@H](N)CCC(N)=O",
    "<small>D</small>-glutaminyl": "*C(=O)[C@H](N)CCC(N)=O",
    "<small>L</small>-arginyl": "*C(=O)[C@@H](N)CCCNC(=N)N",
    "<small>D</small>-arginyl": "*C(=O)[C@H](N)CCCNC(=N)N",
    "<small>L</small>-tryptophyl": "*C(=O)[C@@H](N)Cc1cnc2ccccc12",
    "<small>L</small>-tryptophano": "*N[C@@H](Cc1cnc2ccccc12)C(=O)O",
    "<small>D</small>-tryptophyl": "*C(=O)[C@H](N)Cc1cnc2ccccc12",
    "<small>D</small>-tryptophano": "*N[C@H](Cc1cnc2ccccc12)C(=O)O",
    "<small>L</small>-selenocysteinyl": "*C(=O)[C@@H](N)C[SeH]",
    "<small>L</small>-selenocysteino": "*N[C@@H](C[SeH])C(=O)O",
    "<small>D</small>-selenocysteino": "*N[C@H](C[SeH])C(=O)O",
    "<small>D</small>-selenocysteinyl": "*C(=O)[C@H](N)C[SeH]",
    "<small>L</small>-tyrosyl": "*C(=O)[C@@H](N)Cc1ccc(O)cc1",
    "<small>D</small>-tyrosyl": "*C(=O)[C@H](N)Cc1ccc(O)cc1",
    "<small>D</small>-tyrosino": "*N[C@H](Cc1ccc(O)cc1)C(=O)O",
    "<small>L</small>-threonyl": "*C(=O)[C@@H](N)[C@@H](C)O",
    "<small>L</small>-threonino": "*N[C@H](C(=O)O)[C@@H](C)O",
    "<small>D</small>-threonyl": "*C(=O)[C@H](N)[C@H](C)O",
    "<small>D</small>-threonino": "*N[C@@H](C(=O)O)[C@H](C)O",
    "<small>L</small>-seryl": "*C(=O)[C@@H](N)CO",
    "<small>L</small>-serino": "*N[C@@H](CO)C(=O)O",
    "<small>D</small>-seryl": "*C(=O)[C@H](N)CO",
    "<small>D</small>-serino": "*N[C@H](CO)C(=O)O",
    "<small>L</small>-valyl": "*C(=O)[C@@H](N)C(C)C",
    "<small>L</small>-valino": "*N[C@H](C(=O)O)C(C)C",
    "<small>D</small>-valyl": "*C(=O)[C@H](N)C(C)C",
    "<small>D</small>-valino": "*N[C@@H](C(=O)O)C(C)C",
    "<small>L</small>-prolyl": "*C(=O)[C@@H]1CCCN1",
    "<small>L</small>-prolino": "*N1CCC[C@H]1C(=O)O",
    "<small>D</small>-prolyl": "*C(=O)[C@H]1CCCN1",
    "<small>D</small>-prolino": "*N1CCC[C@@H]1C(=O)O",
    "3-methylbutan-2-yl": "*C(C)C(C)C",
    "3-carboxyprop-2-enoyl": "*C(=O)C([H])=C([H])C(=O)O",
    "(<i>R</i>)-lipoyl": "*C(=O)CCCC[C@@H]1CCSS1",
    "(<i>S</i>)-lipoyl": "*C(=O)CCCC[C@H]1CCSS1",
    "<small>L</small>-ornithyl": "*C(=O)[C@@H](N)CCCN",
    "<small>L</small>-glutamo": "*N[C@@H](CCC(=O)O)C(=O)O",
    "<small>L</small>-tyrosino": "*N[C@@H](Cc1ccc(O)cc1)C(=O)O",
    "<em>N</em>-hydroxyacetimidoyl": "*C(C)=NO",
    "[amino(hydroxy)methylidene]amino": "*/N=C(/N)O",
    "<em>S</em>-aminosulfinimidoyl": "*S(=N)N",
    "<small>L</small>-methionino": "*N[C@@H](CCSC)C(=O)O",
    "<small>L</small>-methionyl": "*C(=O)[C@@H](N)CCSC",
    "<small>D</small>-cystyl": "*C(=O)[C@H](N)CSSC[C@@H](N)C(*)=O",
    "<small>L</small>-cystyl": "*C(=O)[C@@H](N)CSSC[C@H](N)C(*)=O",
    "<small>L</small>-cystinyl": "*C(=O)[C@@H](N)CSSC[C@H](N)C(=O)O",
    "2-amino-2-oxoethyl": "*CC(N)=O",
    "3-amino-3-oxopropyl": "*CCC(N)=O",
    "<small>L</small>-asparaginyl": "*C(=O)[C@@H](N)CC(N)=O",
    "(<i>S</i>)-dihydrolipoyl": "*C(=O)CCCC[C@H](S)CCS",
    "4,6-dihydroxy-1,3-phenylene": "*c1cc(*)c(O)cc1O",
    "<em>N</em>-oxindolyl": "*N1C(=O)Cc2ccccc21",
    "1,2,4-triazol-4-yl": "*n1cnnc1",
    "1,2,4-triazol-3-yl": "*c1ncnn1",
    "1,2,4-triazol-5-yl": "*c1ncnn1",
    "1,2,4-triazol-1-yl": "*n1cncn1",
    "1,2,3-triazol-4-yl": "*c1cnnn1",
    "1,2,3-triazol-1-yl": "*n1ccnn1",
    "1,2,3-triazol-5-yl": "*c1cnnn1",
    "6-dimethylamino-2-naphthoyl": "*C(=O)c1ccc2cc(N(C)C)ccc2c1",
    "7-methylguanosin-5'-yl": "*C[C@H]1O[C@@H](n2c[n+](C)c3c(=O)nc(N)nc32)[C@H](O)[C@@H]1O",
    "<em>Se</em>-methylselenocysteinyl": "*C(=O)C(N)C[Se]C",
    "<em>Se</em>-methylselenocysteino": "*NC(C[Se]C)C(=O)O",
    "<em>p</em>-nitrobenzoyl": "*C(=O)c1ccc([N+](=O)[O-])cc1",
    "<em>N</em>-acetyl": "*N(*)C(C)=O",
    "2,5-bis(trifluoromethyl)benzoyl": "*C(=O)c1cc(C(F)(F)F)ccc1C(F)(F)F",
    "[2-(hydroxyarsinato)phenyl]azo": "*N=Nc1ccccc1[As](=O)([O-])O",
    "7-methylguanosine 5'-triphosphate": "*OP(=O)(O)OP(=O)(O)OP(=O)(O)OC[C@H]1O[C@@H](n2c[n+](C)c3c(=O)nc(N)nc32)[C@H](O)[C@@H]1O",
    "<small>L</small>-cysteinate": "*N[C@@H](CS)C(=O)[O-]",
    "\u03b2-<small>D</small>-mannosyl-(1\u21922)-\u03b2-<small>D</small>-mannosyl-(1\u21922)-\u03b2-<small>D</small>-mannosyl-(1\u21922)-\u03b2-<small>D</small>-mannosyl-(1\u21922)-\u03b2-<small>D</small>-mannosyl-(1\u21922)-\u03b2-<small>D</small>-mannosyl": "*[C@@H]1O[C@H](CO)[C@@H](O)[C@H](O)[C@@H]1O[C@@H]1O[C@H](CO)[C@@H](O)[C@H](O)[C@@H]1O[C@@H]1O[C@H](CO)[C@@H](O)[C@H](O)[C@@H]1O[C@@H]1O[C@H](CO)[C@@H](O)[C@H](O)[C@@H]1O[C@@H]1O[C@H](CO)[C@@H](O)[C@H](O)[C@@H]1O[C@@H]1O[C@H](CO)[C@@H](O)[C@H](O)[C@@H]1O",
    "\u03b2-<small>D</small>-mannosyl": "*[C@@H]1O[C@H](CO)[C@@H](O)[C@H](O)[C@@H]1O",
    "diazyn-1-ium-1-yl": "*[N+]#N",
    "<small>L</small>-\u03b1-aspartyl": "*C(=O)[C@@H](N)CC(=O)O",
    "<small>D</small>-\u03b1-aspartyl": "*C(=O)[C@H](N)CC(=O)O",
    "<small>D</small>-\u03b2-aspartyl": "*C(=O)C[C@@H](N)C(=O)O",
    "<small>L</small>-\u03b3-glutamyl": "*C(=O)CC[C@H](N)C(=O)O",
    "<small>D</small>-\u03b1-glutamyl": "*C(=O)[C@H](N)CCC(=O)O",
    "<small>D</small>-\u03b3-glutamyl": "*C(=O)CC[C@@H](N)C(=O)O",
    "1-<small>L</small>-tryptophano": "*n1cc(C[C@H](N)C(=O)O)c2ccccc21",
    "1-<small>D</small>-tryptophano": "*n1cc(C[C@@H](N)C(=O)O)c2ccccc21",
    "cystein-<em>S</em>-yl": "*SCC(N)C(=O)O",
    "<small>L</small>-homoserine lactone": "*N[C@H]1CCOC1=O",
    "<small>L</small>-\u03b1-glutamyl": "*C(=O)[C@@H](N)CCC(=O)O",
    "<small>L</small>-\u03b2-aspartyl": "*C(=O)C[C@H](N)C(=O)O",
    "(<em>C</em>-hydroxycarbonimidoyl)amino": "*NC(=N)O",
    "(4-hydroxy-3-nitrophenyl)acetyl": "*C(=O)Cc1ccc(O)c([N+](=O)[O-])c1",
    "(<em>p</em>-hydroxyphenyl)glycinamido": "*NC(=O)C(N)c1ccc(O)cc1",
    "3-[2-(trifluoromethyl)phenyl]propanoyl": "*C(=O)CCc1ccccc1C(F)(F)F",
    "\u03b2-<small>D</small>-xylosyl": "*[C@@H]1OC[C@@H](O)[C@H](O)[C@H]1O",
    "\u03b1-<small>L</small>-fucosyl": "*[C@@H]1O[C@@H](C)[C@@H](O)[C@@H](O)[C@@H]1O",
    "\u03b1-<small>D</small>-mannosyl": "*[C@H]1O[C@H](CO)[C@@H](O)[C@H](O)[C@@H]1O",
    "methyl <small>L</small>-leucinato": "*N[C@@H](CC(C)C)C(=O)OC",
    "\u03b2-<small>D</small>-Ara<em>f</em>-(1\u21922)-\u03b1-<small>D</small>-Ara<em>f</em>-(1\u21925)-[\u03b2-<small>D</small>-Ara<em>f</em>-(1\u21922)-\u03b1-<small>D</small>-Ara<em>f</em>-(1\u21923)]-\u03b1-<small>D</small>-Ara<em>f</em>-(1\u21925)-\u03b1-<small>D</small>-Ara<em>f</em>-yl": "*[C@H]1O[C@H](CO[C@H]2O[C@H](CO[C@H]3O[C@H](CO)[C@@H](O)[C@@H]3O[C@@H]3O[C@H](CO)[C@@H](O)[C@@H]3O)[C@@H](O[C@H]3O[C@H](CO)[C@@H](O)[C@@H]3O[C@@H]3O[C@H](CO)[C@@H](O)[C@@H]3O)[C@@H]2O)[C@@H](O)[C@@H]1O",
    "<em>N. meningitidis</em>  C polysaccharide": "*C[C@@H](O)[C@@H](O)[C@]1([H])O[C@@](OC[C@@H](O)[C@@H](O)[C@]2([H])O[C@@](O*)(C(=O)O)C[C@H](O)[C@H]2NC(C)=O)(C(=O)O)C[C@H](O)[C@H]1NC(C)=O",
    "<em>S</em>-acylpantetheine 4'-phosphate": "*OP(=O)([O-])OCC(C)(C)C(O)C(=O)NCCC(=O)NCCSC([1*])=O",
    "Se-methyl-<small>L</small>-selenocysteinyl": "*C(=O)[C@@H](N)C[Se]C",
    "Se-methyl-<small>D</small>-selenocysteinyl": "*C(=O)[C@H](N)C[Se]C",
    "Se-methyl-<small>L</small>-selenocysteino": "*N[C@@H](C[Se]C)C(=O)O",
    "Se-methyl-<small>D</small>-selenocysteino": "*N[C@H](C[Se]C)C(=O)O",
    "2'-hydroxyphenyl-2-thiazolin-3-yl": "*C1CSC(c2ccccc2O)=N1",
    "2'-hydroxyphenyl-2-thiazoline-4-oyl": "*C(=O)C1CSC(c2ccccc2O)=N1",
    "(<i>E</i>)-2-(trifluoromethyl)cinnamoyl": "*C(=O)/C=C/c1ccccc1C(F)(F)F",
    "(3<i>R</i>)-3-hydroxypalmitoyl": "*C(=O)C[C@H](O)CCCCCCCCCCCCC",
    "C-terminal Gly-Gly-AMP(1\u2212)": "*NCC(=O)NCC(=O)OP(=O)([O-])OC[C@H]1O[C@@H](n2cnc3c(N)ncnc32)[C@H](O)[C@@H]1O",
    "{5-[(3-azidopropyl)amino]-5-oxopentanoyl}amino": "*NC(=O)CCCC(=O)NCCCN=[N+]=[N-]",
    "(<i>E</i>)-3-carboxyprop-2-enoyl": "*C(=O)/C=C/C(=O)O",
    "<i>all</i>-<i>trans</i>-retinyl": "*C/C=C(C)/C=C/C=C(C)/C=C/C1=C(C)CCCC1(C)C",
    "\u03bb<small><sup>5</small></sup>-arsanyl": "*[As]([H])([H])([H])[H]",
    "\u03bb<small><sup>5</small></sup>-phosphanyl": "*P([H])([H])([H])[H]",
    "\u03bb<small><sup>5</small></sup>-stibanyl": "[*][Sb]([H])([H])([H])[H]",
    "\u03bb<small><sup>5</small></sup>-bismuthanylidene": "[*]=[Bi]([H])([H])[H]",
    "\u03b7<small><sup>5</small></sup>-cyclopentadienyl": "C12C3C4C5C1*2345",
    "\u03b7<small><sup>1</small></sup>-cyclopentadienyl": "*C1C=CC=C1",
    "1<em>H</em>-indol-3-ylmethyl": "*Cc1cnc2ccccc12",
    "1<em>H</em>-imidazol-4-ylmethyl": "*Cc1cncn1",
    "\u03b7<small><sup>5</small></sup>-pyrrolyl": "C12C3C4N5C1*2345",
    "\u03b7<small><sup>5</small></sup>-phospholyl": "C12C3C4P5C1*2345",
    "\u03b7<small><sup>5</small></sup>-arsolyl": "C12C3C4[As]5C1*2345",
    "6-[(4-hydroxy-3-nitrophenyl)acetamido]caproyl": "*C(=O)CCCCCNC(=O)Cc1ccc(O)c([N+](=O)[O-])c1",
    "2-(2-hydroxyphenyl)-2-oxazolin-4-carbonyl": "*C(=O)C1COC(c2ccccc2O)=N1",
    "\u03b1-<small>D</small>-Rha<em>p</em>4NFo-(1\u21923)-\u03b1-<small>D</small>-Rha<em>p</em>4NFo-(1\u21922)-\u03b1-<small>D</small>-Rha<em>p</em>4NFo-(1\u21922)-\u03b1-<small>D</small>-Rha<em>p</em>4NFo-(1\u21922)-\u03b1-<small>D</small>-Rha<em>p</em>4NFo-yl": "*[C@H]1O[C@H](C)[C@@H](NC([H])=O)[C@H](O)[C@@H]1O[C@H]1O[C@H](C)[C@@H](NC([H])=O)[C@H](O)[C@@H]1O[C@H]1O[C@H](C)[C@@H](NC([H])=O)[C@H](O)[C@@H]1O[C@H]1O[C@H](C)[C@@H](NC([H])=O)[C@H](O[C@H]2O[C@H](C)[C@@H](NC([H])=O)[C@H](O)[C@@H]2O)[C@@H]1O",
    "\u03b1-<small>D</small>-Rha<em>p</em>4NFo-(1\u21922)-\u03b1-<small>D</small>-Rha<em>p</em>4NFo-(1\u21922)-\u03b1-<small>D</small>-Rha<em>p</em>4NFo-(1\u21922)-\u03b1-<small>D</small>-Rha<em>p</em>4NFo-(1\u21922)-\u03b1-<small>D</small>-Rha<em>p</em>4NFo-yl": "*[C@H]1O[C@H](C)[C@@H](NC([H])=O)[C@H](O)[C@@H]1O[C@H]1O[C@H](C)[C@@H](NC([H])=O)[C@H](O)[C@@H]1O[C@H]1O[C@H](C)[C@@H](NC([H])=O)[C@H](O)[C@@H]1O[C@H]1O[C@H](C)[C@@H](NC([H])=O)[C@H](O)[C@@H]1O[C@H]1O[C@H](C)[C@@H](NC([H])=O)[C@H](O)[C@@H]1O",
    "[2-(\u03b1-<small>D</small>-mannopyranosylthio)ethanimidoyl]amino": "*NC(=N)CS[C@H]1O[C@H](CO)[C@@H](O)[C@H](O)[C@@H]1O",
    "type Ib  B <em>Streptococcus</em> capsular polysaccharide": "*C[C@@H](O)[C@]1([H])O[C@@](O[C@H]2[C@@H](O)[C@@H](CO)O[C@@H](O[C@H]3[C@H](O)[C@@H](CO)O[C@@H](O[C@@H]4[C@@H](O)[C@H](O[C@@H]5[C@@H](O)[C@H](O[C@@H]6[C@H](O[C@@H]7O[C@H](CO)[C@@H](O)[C@H](O[C@@H]8O[C@H](CO)[C@H](O)[C@H](O[C@]9(C(=O)O)C[C@H](O)[C@@H](NC(C)=O)[C@]([H])([C@H](O)[C@H](O)CO)O9)[C@H]8O)[C@H]7NC(C)=O)[C@@H](O)[C@H](O[C@H]7[C@H](O)[C@@H](O)[C@H](O[C@@H]8[C@H](O[C@@H]9O[C@H](CO)[C@@H](O)[C@H](O[C@@H]%10O[C@H](CO)[C@H](O)[C@H](O[C@]%11(C(=O)O)C[C@H](O)[C@@H](NC(C)=O)[C@]([H])([C@H](O)[C@H](O)CO)O%11)[C@H]%10O)[C@H]9NC(C)=O)[C@@H](O)[C@H](O[C@H]9[C@H](O)[C@@H](O)[C@H](O*)O[C@@H]9CO)O[C@@H]8CO)O[C@@H]7CO)O[C@@H]6CO)O[C@H](CO)[C@H]5O)O[C@H](CO)[C@@H]4O*)[C@@H]3NC(C)=O)[C@@H]2O)(C(=O)O)C[C@H](O)[C@H]1NC(C)=O",
    "oxo-\u03bb<small><sup>3</small></sup>-bromanyloxy": "*OBr=O",
    "oxo-\u03bb<small><sup>3</small></sup>-chloranyloxy": "*OCl=O",
    "dioxo-\u03bb<small><sup>5</small></sup>-chloranyloxy": "*OCl(=O)=O",
    "dioxo-\u03bb<small><sup>5</small></sup>-bromanyloxy": "*OBr(=O)=O",
    "trioxo-\u03bb<small><sup>7</small></sup>-bromanyloxy": "*OBr(=O)(=O)=O",
    "trioxo-\u03bb<small><sup>7</small></sup>-chloranyloxy": "*OCl(=O)(=O)=O",
    "oxo-\u03bb<small><sup>3</small></sup>-iodanyloxy": "*OI=O",
    "dioxo-\u03bb<small><sup>5</small></sup>-iodanyloxy": "*OI(=O)=O",
    "trioxo-\u03bb<small><sup>7</small></sup>-iodanyloxy": "*OI(=O)(=O)=O",
    "<small>L</small>-cystein-<em>S</em>-yl": "*SC[C@H](N)C(=O)O",
    "<small>D</small>-cystein-<em>S</em>-yl": "*SC[C@@H](N)C(=O)O",
    "<em>N</em>-formyl-<small>L</small>-methionyl": "*C(=O)[C@H](CCSC)NC([H])=O",
    "<em>N</em>-salicyloyl-<small>L</small>-seryl": "*C(=O)[C@H](CO)NC(=O)c1ccccc1O",
    "<em>N</em>-acetyl-<small>D</small>-glucosaminyl": "*C1O[C@H](CO)[C@@H](O)[C@H](O)[C@H]1NC(C)=O",
    "<em>N</em>-acetyl-<small>D</small>-mannosaminouronosyl": "*C1O[C@H](C(=O)O)[C@@H](O)[C@H](O)[C@@H]1NC(C)=O",
    "4-acetamido-4,6-dideoxy-<small>D</small>-galactosyl": "*C1O[C@H](C)[C@H](NC(C)=O)[C@H](O)[C@H]1O",
    "<em>N</em><small><sup>2</small></sup>-glutamino": "*NC(CCC(N)=O)C(=O)O",
    "<em>N</em><small><sup>5</small></sup>-glutamino": "*NC(=O)CCC(N)C(=O)O",
    "<em>N</em><small><sup>\u03c9</small></sup>-arginino": "*NC(=N)NCCCC(N)C(=O)O",
    "<em>N</em><small><sup>4</small></sup>-asparagino": "*NC(=O)CC(N)C(=O)O",
    "<em>N</em><small><sup>2</small></sup>-histidino": "*NC(Cc1cncn1)C(=O)O",
    "<i>trans</i>,<i>trans</i>-hepta-2,4,6-trienoyl": "*C(=O)/C=C/C=C/C=C",
    "<em>N</em><small><sup>\u03c0</small></sup>-histidino": "*n1cncc1CC(N)C(=O)O",
    "<em>N</em><small><sup>\u03c4</small></sup>-histidino": "*n1cnc(CC(N)C(=O)O)c1",
    "<em>N</em><small><sup>2</small></sup>-lysino": "*NC(CCCCN)C(=O)O",
    "<em>N</em><small><sup>6</small></sup>-lysino": "*NCCCCC(N)C(=O)O",
    "<em>N</em><small><sup>2</small></sup>-asparagino": "*NC(CC(N)=O)C(=O)O",
    "<em>N</em><small><sup>2</small></sup>-arginino": "*NC(CCCNC(=N)N)C(=O)O",
    "2-<i>trans</i>,6-<i>trans</i>-farnesyl": "*C/C=C(C)CC/C=C(C)CCC=C(C)C",
    "<em>N</em><small><sup>2</small></sup>-ornithino": "*NC(CCCN)C(=O)O",
    "<em>N</em><small><sup>5</small></sup>-ornithino": "*NCCCC(N)C(=O)O",
    "\u03b7<small><sup>1</small></sup>-cyclohepta-2,4,6-trienyl": "*C1C=CC=CC=C1",
    "\u03b7<small><sup>7</small></sup>-cyclohepta-2,4,6-trienyl": "C12*34567C~1~C3~C4~C5~C6~C7~2",
    "\u03b7<small><sup>7</small></sup>-cycloocta-2,4,6-trienyl": "C1C2*34567C(~C3~C4~2)~C5~C6~C17",
    "\u03b7<small><sup>1</small></sup>-cycloocta-2,4,6-trienyl": "*C1/C=CC=C/C=CC1",
    "1-methyl-\u03b7<small><sup>5</small></sup>-borole": "CB12C3C4C5C1*4532",
    "(<i>Z</i>)-<em>N</em>-(2-mercaptoethenyl)amino": "*N/C=CS",
    "2-<em>O</em>-methyl-\u03b1-<small>L</small>-rhamnosyl": "*[C@@H]1O[C@@H](C)[C@H](O)[C@@H](O)[C@H]1OC",
    "tyrosin-<em>O</em><small><sup>4</small></sup>-yl": "*Oc1ccc(CC(N)C(=O)O)cc1",
    "ring-opened abasic DNA residue cross-linked to a protein cysteinyl": "*O[C@@H](CC1N[C@H](C(*)=O)CS1)[C@H](O)COP(*)(=O)[O-]",
    "\u03b1-<em>N</em>-acetylneuraminyl-2,3-\u03b2-<small>D</small>-galactosyl": "*[C@@H]1O[C@H](CO)[C@H](O)[C@H](O[C@]2(C(=O)O)C[C@H](O)[C@@H](NC(C)=O)[C@]([H])([C@H](O)[C@H](O)CO)O2)[C@H]1O",
    "<small>D</small>-galactosyl-(1\u21924)-\u03b2-<small>D</small>-glucosyl": "*[C@@H]1O[C@H](CO)[C@@H](OC2O[C@H](CO)[C@H](O)[C@H](O)[C@H]2O)[C@H](O)[C@H]1O",
    "\u03b7<small><sup>5</small></sup>-cyclohexa-2,4-dien-1-yl": "C1C2C3C4C5C1*2354",
    "\u03b7<small><sup>1</small></sup>-cyclohexa-2,4-dien-1-yl": "*C1C=CC=CC1",
    "\u03b7<small><sup>1</small></sup>-cyclohexa-2,5-dien-1-yl": "*C1C=CCC=C1",
    "\u03b1-<small>D</small>-galactosyl-(1\u21923)-<small>D</small>-galactosyl": "*C1O[C@H](CO)[C@H](O)[C@H](O[C@H]2O[C@H](CO)[C@H](O)[C@H](O)[C@H]2O)[C@H]1O",
    "\u03b1-<small>D</small>-galactosyl-(1\u21922)-<small>D</small>-galactosyl": "*C1O[C@H](CO)[C@H](O)[C@H](O)[C@H]1O[C@H]1O[C@H](CO)[C@H](O)[C@H](O)[C@H]1O",
    "\u03b1-<em>N</em>-acetylneuraminyl-(2\u21923)-<small>D</small>-galactosyl": "*C1O[C@H](CO)[C@H](O)[C@H](O[C@]2(C(=O)O)C[C@H](O)[C@@H](NC(C)=O)[C@]([H])([C@H](O)[C@H](O)CO)O2)[C@H]1O",
    "\u03b1-<em>N</em>-acetylneuraminyl-(2\u21926)-<small>D</small>-galactosyl": "*C1O[C@H](CO[C@]2(C(=O)O)C[C@H](O)[C@@H](NC(C)=O)[C@]([H])([C@H](O)[C@H](O)CO)O2)[C@H](O)[C@H](O)[C@H]1O",
    "<em>N</em>,<em>N</em>-dimethyl-<small>L</small>-alaniniumyl": "*C(=O)[C@H](C)[NH+](C)C",
    "\u03b1-<small>D</small>-Man<em>p</em>-(1\u21922)-\u03b1-<small>D</small>-Man<em>p</em>-(1\u21922)-\u03b1-<small>D</small>-Man<em>p</em>-(1\u21923)-[\u03b1-<small>D</small>-Man<em>p</em>-(1\u21926)]-\u03b2-<small>D</small>-Man<em>p</em>-(1\u21924)-\u03b2-<small>D</small>-Glc<em>p</em>NAc-(1\u21924)-\u03b2-<small>D</small>-Glc<em>p</em>NAc-yl": "*[C@@H]1O[C@H](CO)[C@@H](O[C@@H]2O[C@H](CO)[C@@H](O[C@@H]3O[C@H](CO[C@H]4O[C@H](CO)[C@@H](O)[C@H](O)[C@@H]4O)[C@@H](O)[C@H](O[C@H]4O[C@H](CO)[C@@H](O)[C@H](O)[C@@H]4O[C@H]4O[C@H](CO)[C@@H](O)[C@H](O)[C@@H]4O[C@H]4O[C@H](CO)[C@@H](O)[C@H](O)[C@@H]4O)[C@@H]3O)[C@H](O)[C@H]2NC(C)=O)[C@H](O)[C@H]1NC(C)=O",
    "\u03b1-<small>D</small>-mannosyl-(1\u21926)-\u03b2-<small>D</small>-mannosyl": "*[C@@H]1O[C@H](CO[C@H]2O[C@H](CO)[C@@H](O)[C@H](O)[C@@H]2O)[C@@H](O)[C@H](O)[C@@H]1O",
    "C-terminal-\u03b3-(<small>L</small>-ornithyl)-<small>L</small>-glutamyl(1\u2212)": "*N[C@@H](CCC(=O)N[C@@H](CCC[NH3+])C(=O)[O-])C(=O)[O-]",
    "9-(2-<em>O</em>-methyl-\u03b1-<small>L</small>-rhamnosyloxy)nonanoylamino": "*NC(=O)CCCCCCCCO[C@@H]1O[C@@H](C)[C@H](O)[C@@H](O)[C@H]1OC",
    "4-(<small>L</small>-tryptophan-2-yl)-<small>L</small>-tryptophyl quinone": "*N[C@@H](Cc1cnc2c1C(c1nc3ccccc3c1C[C@H](N*)C(*)=O)=CC(=O)C2=O)C(*)=O",
    "<em>N</em><small><sup>2</small></sup>-<small>L</small>-histidino": "*N[C@@H](Cc1cncn1)C(=O)O",
    "<em>N</em><small><sup>\u03c0</small></sup>-<small>L</small>-histidino": "*n1cncc1C[C@H](N)C(=O)O",
    "<em>N</em><small><sup>\u03c4</small></sup>-<small>L</small>-histidino": "*n1cnc(C[C@H](N)C(=O)O)c1",
    "<em>N</em><small><sup>2</small></sup>-<small>D</small>-histidino": "*N[C@H](Cc1cncn1)C(=O)O",
    "<em>N</em><small><sup>\u03c0</small></sup>-<small>D</small>-histidino": "*n1cncc1C[C@@H](N)C(=O)O",
    "<em>N</em><small><sup>\u03c4</small></sup>-<small>D</small>-histidino": "*n1cnc(C[C@@H](N)C(=O)O)c1",
    "<em>N</em><small><sup>2</small></sup>-<small>L</small>-lysino": "*N[C@@H](CCCCN)C(=O)O",
    "<em>N</em><small><sup>6</small></sup>-<small>L</small>-lysino": "*NCCCC[C@H](N)C(=O)O",
    "<em>N</em><small><sup>2</small></sup>-<small>D</small>-lysino": "*N[C@H](CCCCN)C(=O)O",
    "<em>N</em><small><sup>6</small></sup>-<small>D</small>-lysino": "*NCCCC[C@@H](N)C(=O)O",
    "<em>N</em><small><sup>2</small></sup>-<small>L</small>-asparagino": "*N[C@@H](CC(N)=O)C(=O)O",
    "<em>N</em><small><sup>4</small></sup>-<small>L</small>-asparagino": "*NC(=O)C[C@H](N)C(=O)O",
    "<em>N</em><small><sup>2</small></sup>-<small>D</small>-asparagino": "*N[C@H](CC(N)=O)C(=O)O",
    "<em>N</em><small><sup>4</small></sup>-<small>D</small>-asparagino": "*NC(=O)C[C@@H](N)C(=O)O",
    "<em>N</em><small><sup>2</small></sup>-<small>L</small>-glutamino": "*N[C@@H](CCC(N)=O)C(=O)O",
    "<em>N</em><small><sup>5</small></sup>-<small>L</small>-glutamino": "*NC(=O)CC[C@H](N)C(=O)O",
    "<em>N</em><small><sup>2</small></sup>-<small>D</small>-glutamino": "*N[C@H](CCC(N)=O)C(=O)O",
    "<em>N</em><small><sup>5</small></sup>-<small>D</small>-glutamino": "*NC(=O)CC[C@@H](N)C(=O)O",
    "<em>N</em><small><sup>2</small></sup>-<small>L</small>-arginino": "*N[C@@H](CCCNC(=N)N)C(=O)O",
    "<em>N</em><small><sup>\u03c9</small></sup>-<small>L</small>-arginino": "*NC(=N)NCCC[C@H](N)C(=O)O",
    "<em>N</em><small><sup>2</small></sup>-<small>D</small>-arginino": "*N[C@H](CCCNC(=N)N)C(=O)O",
    "<em>N</em><small><sup>\u03c9</small></sup>-<small>D</small>-arginino": "*NC(=N)NCCC[C@@H](N)C(=O)O",
    "<em>N</em><small><sup>2</small></sup>-<small>L</small>-ornithino": "*N[C@@H](CCCN)C(=O)O",
    "<em>N</em><small><sup>5</small></sup>-<small>L</small>-ornithino": "*NCCC[C@H](N)C(=O)O",
    "\u03b1-<em>N</em>-acetylneuraminyl-(2\u21928)-\u03b1-<em>N</em>-acetylneuraminyl": "*[C@]1(C(=O)O)C[C@H](O)[C@@H](NC(C)=O)[C@]([H])([C@H](O)[C@@H](CO)O[C@]2(C(=O)O)C[C@H](O)[C@@H](NC(C)=O)[C@]([H])([C@H](O)[C@H](O)CO)O2)O1",
    "<em>S</em>-1,2-diacyl-<em>sn</em>-glyceryl-<small>L</small>-cysteiniumyl": "*C(=O)OC[C@H](CSC[C@H]([NH3+])C(*)=O)OC(*)=O",
    "<small>L</small>-tyrosin-<em>O</em><small><sup>4</small></sup>-yl": "*Oc1ccc(C[C@H](N)C(=O)O)cc1",
    "<small>D</small>-tyrosin-<em>O</em><small><sup>4</small></sup>-yl": "*Oc1ccc(C[C@@H](N)C(=O)O)cc1",
    "<small>L</small>-threonin-<em>O</em><small><sup>3</small></sup>-yl": "*O[C@H](C)[C@H](N)C(=O)O",
    "<small>D</small>-threonin-<em>O</em><small><sup>3</small></sup>-yl": "*O[C@@H](C)[C@@H](N)C(=O)O",
    "<em>N</em><small><sup>\u03b1</small></sup>-acetyl-<small>L</small>-argininyl": "*C(=O)[C@H](CCCNC(=N)N)NC(C)=O",
    "\u03b2-<small>D</small>-Gal-(1\u21924)-\u03b2-<small>D</small>-Xyl-yl": "*[C@@H]1OC[C@@H](O[C@@H]2O[C@H](CO)[C@H](O)[C@H](O)[C@H]2O)[C@H](O)[C@H]1O",
    "\u03b2-<small>D</small>-QuiN4Fm-(1\u21924)-\u03b1-<small>D</small>-GalNAcAN-yl": "*[C@H]1O[C@H](C(N)=O)[C@H](O[C@@H]2O[C@H](C)[C@@H](NC([H])=O)[C@H](O)[C@H]2O)[C@H](O)[C@H]1NC(C)=O",
    "<em>N</em><small><sup>2</small></sup>-<small>L</small>-glutamino(1\u2212)": "*N[C@@H](CCC(N)=O)C(=O)[O-]",
    "<em>N</em>-acetyl-\u03b1-neuraminyl-(2\u21923)-\u03b2-<small>D</small>-galactosyl (1\u2212)": "*[C@@H]1O[C@H](CO)[C@H](O)[C@H](O[C@]2(C(=O)[O-])C[C@H](O)[C@@H](NC(C)=O)[C@]([H])([C@H](O)[C@H](O)CO)O2)[C@H]1O",
    "\u03b2-<small>D</small>-galactosyl-(1\u21924)-<em>N</em>-acetyl-<small>D</small>-glucosaminyl": "*C1O[C@H](CO)[C@@H](O[C@@H]2O[C@H](CO)[C@H](O)[C@H](O)[C@H]2O)[C@H](O)[C@H]1NC(C)=O",
    "\u03b2-<small>D</small>-galactosyl-(1\u21923)-<em>N</em>-acetyl-<small>D</small>-glucosaminyl": "*C1O[C@H](CO)[C@@H](O)[C@H](O[C@@H]2O[C@H](CO)[C@H](O)[C@H](O)[C@H]2O)[C@H]1NC(C)=O",
    "\u03b2-<small>D</small>-galactosyl-(1\u21923)-<em>N</em>-acetyl-<small>D</small>-galactosaminyl": "*C1O[C@H](CO)[C@H](O)[C@H](O[C@@H]2O[C@H](CO)[C@H](O)[C@H](O)[C@H]2O)[C@H]1NC(C)=O",
    "<em>N</em>-{\u03b1-Glc-(1\u21922)-\u03b1-Glc-(1\u21923)-\u03b1-Glc-(1\u21923)-\u03b1-Man-(1\u21922)-\u03b1-Man-(1\u21922)-\u03b1-Man-(1\u21923)-[\u03b1-Man-(1\u21922)-\u03b1-Man-(1\u21923)-[\u03b1-Man-(1\u21922)-\u03b1-Man-(1\u21926)]-\u03b1-Man-(1\u21926)]-\u03b2-Man-(1\u21924)-\u03b2-GlcNAc-(1\u21924)-\u03b2-GlcNAc}": "*[C@@H]1O[C@H](CO)[C@@H](O[C@@H]2O[C@H](CO)[C@@H](O[C@@H]3O[C@H](CO[C@H]4O[C@H](CO[C@H]5O[C@H](CO)[C@@H](O)[C@H](O)[C@@H]5O[C@H]5O[C@H](CO)[C@@H](O)[C@H](O)[C@@H]5O)[C@@H](O)[C@H](O[C@H]5O[C@H](CO)[C@@H](O)[C@H](O)[C@@H]5O[C@H]5O[C@H](CO)[C@@H](O)[C@H](O)[C@@H]5O)[C@@H]4O)[C@@H](O)[C@H](O[C@H]4O[C@H](CO)[C@@H](O)[C@H](O)[C@@H]4O[C@H]4O[C@H](CO)[C@@H](O)[C@H](O)[C@@H]4O[C@H]4O[C@H](CO)[C@@H](O)[C@H](O[C@H]5O[C@H](CO)[C@@H](O)[C@H](O[C@H]6O[C@H](CO)[C@@H](O)[C@H](O)[C@H]6O[C@H]6O[C@H](CO)[C@@H](O)[C@H](O)[C@H]6O)[C@H]5O)[C@@H]4O)[C@@H]3O)[C@H](O)[C@H]2NC(C)=O)[C@H](O)[C@H]1NC(C)=O",
    "2,4,6-tris(<em>N</em>-acetyl-\u03b2-<small>D</small>-glucosaminyl)-\u03b1-<small>D</small>-mannosyl": "*[C@H]1O[C@H](CO[C@@H]2O[C@H](CO)[C@@H](O)[C@H](O)[C@H]2NC(C)=O)[C@@H](O[C@@H]2O[C@H](CO)[C@@H](O)[C@H](O)[C@H]2NC(C)=O)[C@H](O)[C@@H]1O[C@@H]1O[C@H](CO)[C@@H](O)[C@H](O)[C@H]1NC(C)=O",
    "\u03b1-<small>D</small>-galactosyl-(1\u21923)-<em>N</em>-acetyl-\u03b1-<small>D</small>-galactosaminyl": "*[C@H]1O[C@H](CO)[C@H](O)[C@H](O[C@H]2O[C@H](CO)[C@H](O)[C@H](O)[C@H]2O)[C@H]1NC(C)=O",
    "\u03b1-<em>N</em>-acetylneuraminyl-(2\u21926)-<em>N</em>-acetyl-\u03b1-<small>D</small>-galactosaminyl": "*[C@H]1O[C@H](CO[C@]2(C(=O)O)C[C@H](O)[C@@H](NC(C)=O)[C@]([H])([C@H](O)[C@H](O)CO)O2)[C@H](O)[C@H](O)[C@H]1NC(C)=O",
    "<em>N</em>-acetyl-\u03b2-<small>D</small>-glucosaminyl-(1\u21923)-\u03b1-<small>L</small>-fucosyl": "*[C@@H]1O[C@@H](C)[C@@H](O)[C@@H](O[C@@H]2O[C@H](CO)[C@@H](O)[C@H](O)[C@H]2NC(C)=O)[C@@H]1O",
    "<em>O</em>-(<em>N</em>-acetyl-\u03b1-<small>D</small>-galactosaminyl)-<small>L</small>-threonino": "*N[C@H](C(=O)O)[C@@H](C)O[C@H]1O[C@H](CO)[C@H](O)[C@H](O)[C@H]1NC(C)=O",
    "<em>N</em>-acetyl-\u03b2-<small>D</small>-glucosaminyl-(1\u21924)-\u03b1-<small>D</small>-mannosyl": "*[C@H]1O[C@H](CO)[C@@H](O[C@@H]2O[C@H](CO)[C@@H](O)[C@H](O)[C@H]2NC(C)=O)[C@H](O)[C@@H]1O",
    "<em>N</em>-acetyl-\u03b2-<small>D</small>-glucosaminyl-(1\u21922)-\u03b1-<small>D</small>-mannosyl": "*[C@H]1O[C@H](CO)[C@@H](O)[C@H](O)[C@@H]1O[C@@H]1O[C@H](CO)[C@@H](O)[C@H](O)[C@H]1NC(C)=O",
    "<em>S</em>-[(2<i>E</i>,6<i>E</i>)-farnesyl]-<small>L</small>-cysteino": "*N[C@@H](CSC/C=C(C)CC/C=C(C)CCC=C(C)C)C(=O)O",
    "\u03b2-GalNAc-(1\u21924)-[\u03b1-Neu5Ac-(2\u21928)-\u03b1-Neu5Ac-(2\u21923)]-\u03b2-Gal-(1\u21924)-R": "*C1O[C@H](CO)[C@H](O[C@@H]2O[C@H](CO)[C@H](O)[C@H](O)[C@H]2NC(C)=O)[C@H](O[C@]2(C(=O)O)C[C@H](O)[C@@H](NC(C)=O)[C@]([H])([C@H](O)[C@@H](CO)O[C@]3(C(=O)O)C[C@H](O)[C@@H](NC(C)=O)[C@]([H])([C@H](O)[C@H](O)CO)O3)O2)[C@H]1O",
    "\u03b1-Neu5Ac-(2\u21923)-\u03b2-<small>D</small>-Gal-(1\u21924)-\u03b2-<small>D</small>-Glc-yl": "*[C@@H]1O[C@H](CO)[C@@H](O[C@@H]2O[C@H](CO)[C@H](O)[C@H](O[C@]3(C(=O)O)C[C@H](O)[C@@H](NC(C)=O)[C@]([H])([C@H](O)[C@H](O)CO)O3)[C@H]2O)[C@H](O)[C@H]1O",
    "{2-[(6-<em>O</em>-\u03b1-<small>D</small>-mannopyranosyl-\u03b1-<small>D</small>-mannopyranosyl)thio]ethanimidoyl}amino": "*NC(=N)CS[C@H]1O[C@H](CO[C@H]2O[C@H](CO)[C@@H](O)[C@H](O)[C@@H]2O)[C@@H](O)[C@H](O)[C@@H]1O",
    "{2-[(6-<em>O</em>-\u03b1-<small>D</small>-arabinofuranosyl-\u03b1-<small>D</small>-mannopyranosyl)thio]ethanimidoyl}amino": "*NC(=N)CS[C@H]1O[C@H](CO[C@H]2O[C@H](CO)[C@@H](O)[C@@H]2O)[C@@H](O)[C@H](O)[C@@H]1O",
    "4-formamido-\u03b1-<small>D</small>-<i>threo</i>-pentopyranosyl-(1\u21923)-4-formamido-\u03b1-<small>D</small>-rhamnopyranosyl": "*[C@H]1O[C@H](C)[C@@H](NC=O)[C@H](O[C@@H]2C[C@@H](O)[C@H](NC=O)CO2)[C@@H]1O",
    "\u03b2-<small>D</small>-GalNAc-(1\u21924)-\u03b2-<small>D</small>-Gal-(1\u21924)-\u03b2-<small>D</small>-Glc-yl": "*[C@@H]1O[C@H](CO)[C@@H](O[C@@H]2O[C@H](CO)[C@H](O[C@@H]3O[C@H](CO)[C@H](O)[C@H](O)[C@H]3NC(C)=O)[C@H](O)[C@H]2O)[C@H](O)[C@H]1O",
    "<em>N</em>-acetyl-\u03b1-<small>D</small>-glucosaminyl-(1\u21923)-<em>N</em>-acetyl-\u03b1-<small>D</small>-galactosaminyl": "*[C@H]1O[C@H](CO)[C@H](O)[C@H](O[C@H]2O[C@H](CO)[C@@H](O)[C@H](O)[C@H]2NC(C)=O)[C@H]1NC(C)=O",
    "<em>N</em>-acetyl-\u03b2-<small>D</small>-glucosaminyl-(1\u21926)-<em>N</em>-acetyl-\u03b1-<small>D</small>-galactosaminyl": "*[C@H]1O[C@H](CO[C@@H]2O[C@H](CO)[C@@H](O)[C@H](O)[C@H]2NC(C)=O)[C@H](O)[C@H](O)[C@H]1NC(C)=O",
    "<em>N</em>-acetyl-\u03b1-<small>D</small>-galactosaminyl-(1\u21926)-<em>N</em>-acetyl-\u03b1-<small>D</small>-galactosaminyl": "*[C@H]1O[C@H](CO[C@H]2O[C@H](CO)[C@H](O)[C@H](O)[C@H]2NC(C)=O)[C@H](O)[C@H](O)[C@H]1NC(C)=O",
    "\u03b2-<small>D</small>-Gal-(1\u21923)-\u03b2-<small>D</small>-Gal-(1\u21924)-\u03b2-<small>D</small>-Xyl-yl": "*[C@@H]1OC[C@@H](O[C@@H]2O[C@H](CO)[C@H](O)[C@H](O[C@@H]3O[C@H](CO)[C@H](O)[C@H](O)[C@H]3O)[C@H]2O)[C@H](O)[C@H]1O",
    "2-({3,4-dioxo-2-[(2-{[3-(vinyloxy)propyl]sulfanyl}ethyl)amino]cyclobut-1-en-1-yl}amino)ethyl-functionalised copovidone": "*CC(*)N1CCCC1=O.*CC(*)O.*CCNc1c(NCCSCCCOC(*)C*)c(=O)c1=O",
    "<em>N</em>-octyl-<em>N</em>'-[(1-vinyl-1<em>H</em>-1,2,3-triazol-4-yl)methyl]pentanediamide-functionalised copovidone": "*CC(*)N1CCCC1=O.*CC(*)O.*CCCCCCCCNC(=O)CCCC(=O)NCc1cn(C(*)C*)nn1",
    "3-(2,4-bis[<em>N</em>-acetyl-\u03b2-<small>D</small>-glucosaminyl]-\u03b1-<small>D</small>-mannosyl)-\u03b2-<small>D</small>-mannosyl": "*[C@@H]1O[C@H](CO)[C@@H](O)[C@H](O[C@H]2O[C@H](CO)[C@@H](O[C@@H]3O[C@H](CO)[C@@H](O)[C@H](O)[C@H]3NC(C)=O)[C@H](O)[C@@H]2O[C@@H]2O[C@H](CO)[C@@H](O)[C@H](O)[C@H]2NC(C)=O)[C@@H]1O",
    "<em>N</em>-acetyl-\u03b1-neuraminyl-(2\u21928)-<em>N</em>-acetyl-\u03b1-neuraminyl-(2\u21923)-\u03b2-<small>D</small>-galactosyl (2\u2212)": "*[C@@H]1O[C@H](CO)[C@H](O)[C@H](O[C@]2(C(=O)[O-])C[C@H](O)[C@@H](NC(C)=O)[C@]([H])([C@H](O)[C@@H](CO)O[C@]3(C(=O)[O-])C[C@H](O)[C@@H](NC(C)=O)[C@]([H])([C@H](O)[C@H](O)CO)O3)O2)[C@H]1O",
    "6-(2,6-bis[<em>N</em>-acetyl-\u03b2-<small>D</small>-glucosaminyl]-\u03b1-<small>D</small>-mannosyl)-\u03b2-<small>D</small>-mannosyl": "*[C@@H]1O[C@H](CO[C@H]2O[C@H](CO[C@@H]3O[C@H](CO)[C@@H](O)[C@H](O)[C@H]3NC(C)=O)[C@@H](O)[C@H](O)[C@@H]2O[C@@H]2O[C@H](CO)[C@@H](O)[C@H](O)[C@H]2NC(C)=O)[C@@H](O)[C@H](O)[C@@H]1O",
    "\u03b1-<em>N</em>-acetylneuraminyl-2,3-\u03b2-<small>D</small>-galactosyl-1,3-<em>N</em>-acetyl-\u03b1-<small>D</small>-galactosaminyl (1\u2212)": "*[C@H]1O[C@H](CO)[C@H](O)[C@H](O[C@@H]2O[C@H](CO)[C@H](O)[C@H](O[C@]3(C(=O)[O-])C[C@H](O)[C@@H](NC(C)=O)[C@]([H])([C@H](O)[C@H](O)CO)O3)[C@H]2O)[C@H]1NC(C)=O",
    "\u03b1-<em>N</em>-acetylneuraminyl-(2\u21923)-\u03b2-<small>D</small>-galactosyl-(1\u21924)-<em>N</em>-acetyl-<small>D</small>-glucosaminyl": "*C1O[C@H](CO)[C@@H](O[C@@H]2O[C@H](CO)[C@H](O)[C@H](O[C@]3(C(=O)O)C[C@H](O)[C@@H](NC(C)=O)[C@]([H])([C@H](O)[C@H](O)CO)O3)[C@H]2O)[C@H](O)[C@H]1NC(C)=O",
    "\u03b1-Neu<em>p</em>5Ac-(2\u21928)-\u03b1-Neu<em>p</em>5Ac-(2\u21928)-\u03b1-Neu<em>p</em>5Ac-yl": "*[C@]1(C(=O)O)C[C@H](O)[C@@H](NC(C)=O)[C@]([H])([C@H](O)[C@@H](CO)O[C@]2(C(=O)O)C[C@H](O)[C@@H](NC(C)=O)[C@]([H])([C@H](O)[C@@H](CO)O[C@]3(C(=O)O)C[C@H](O)[C@@H](NC(C)=O)[C@]([H])([C@H](O)[C@H](O)CO)O3)O2)O1",
    "<em>N</em>-acetyl-\u03b2-<small>D</small>-glucosaminyl-(1\u21922)-\u03b1-<small>D</small>-mannosyl-(1\u21926)-\u03b2-<small>D</small>-mannosyl": "*[C@@H]1O[C@H](CO[C@H]2O[C@H](CO)[C@@H](O)[C@H](O)[C@@H]2O[C@@H]2O[C@H](CO)[C@@H](O)[C@H](O)[C@H]2NC(C)=O)[C@@H](O)[C@H](O)[C@@H]1O",
    "<em>N</em>-acetyl-\u03b2-<small>D</small>-glucosaminyl-(1\u21922)-\u03b1-<small>D</small>-mannosyl-(1\u21923)-\u03b2-<small>D</small>-mannosyl": "*[C@@H]1O[C@H](CO)[C@@H](O)[C@H](O[C@H]2O[C@H](CO)[C@@H](O)[C@H](O)[C@@H]2O[C@@H]2O[C@H](CO)[C@@H](O)[C@H](O)[C@H]2NC(C)=O)[C@@H]1O",
    "\u03b1-<em>N</em>-acetylneuraminyl-(2\u21923)-\u03b2-<small>D</small>-galactosyl-(1\u21924)-<em>N</em>-acetyl-<small>D</small>-glucosaminyl(1\u2212)": "*C1O[C@H](CO)[C@@H](O[C@@H]2O[C@H](CO)[C@H](O)[C@H](O[C@]3(C(=O)[O-])C[C@H](O)[C@@H](NC(C)=O)[C@]([H])([C@H](O)[C@H](O)CO)O3)[C@H]2O)[C@H](O)[C@H]1NC(C)=O",
    "\u03b1-<em>N</em>-acetylneuraminyl-(2\u21926)-[\u03b2-<small>D</small>-galactosyl-(1\u21923)]-<em>N</em>-acetyl-\u03b1-<small>D</small>-galactosaminyl": "*[C@H]1O[C@H](CO[C@]2(C(=O)O)C[C@H](O)[C@@H](NC(C)=O)[C@]([H])([C@H](O)[C@H](O)CO)O2)[C@H](O)[C@H](O[C@@H]2O[C@H](CO)[C@H](O)[C@H](O)[C@H]2O)[C@H]1NC(C)=O",
    "<em>N</em>-acetyl-\u03b2-<small>D</small>-glucosaminyl-1,6-\u03b2-<small>D</small>-galactosyl-1,4-<em>N</em>-acetyl-<small>D</small>-glucosaminyl": "*C1O[C@H](CO)[C@@H](O[C@@H]2O[C@H](CO[C@@H]3O[C@H](CO)[C@@H](O)[C@H](O)[C@H]3NC(C)=O)[C@H](O)[C@H](O)[C@H]2O)[C@H](O)[C@H]1NC(C)=O",
    "<em>N</em>-acetyl-\u03b2-<small>D</small>-glucosaminyl-1,6-(<em>N</em>-acetyl-\u03b2-<small>D</small>-glucosaminyl-1,2)-\u03b1-<small>D</small>-mannosyl": "*[C@H]1O[C@H](CO[C@@H]2O[C@H](CO)[C@@H](O)[C@H](O)[C@H]2NC(C)=O)[C@@H](O)[C@H](O)[C@@H]1O[C@@H]1O[C@H](CO)[C@@H](O)[C@H](O)[C@H]1NC(C)=O",
    "\u03b2-<small>D</small>-galactopyranosyl-(1\u21924)-2-acetamido-2-deoxy-\u03b2-<small>D</small>-glucopyranosyl-(1\u21923)-6-deoxy-\u03b1-<small>L</small>-galactopyranosyl": "*[C@@H]1O[C@@H](C)[C@@H](O)[C@@H](O[C@@H]2O[C@H](CO)[C@@H](O[C@@H]3O[C@H](CO)[C@H](O)[C@H](O)[C@H]3O)[C@H](O)[C@H]2NC(C)=O)[C@@H]1O",
    "\u03b1-Neu<em>p</em>5Gc-(2\u21926)-\u03b2-<small>D</small>-Gal<em>p</em>-(1\u21924)-<small>D</small>-Glc<em>p</em>-yl": "*C1O[C@H](CO)[C@@H](O[C@@H]2O[C@H](CO[C@]3(C(=O)O)C[C@H](O)[C@@H](NC(=O)CO)[C@]([H])([C@H](O)[C@H](O)CO)O3)[C@H](O)[C@H](O)[C@H]2O)[C@H](O)[C@H]1O",
    "\u03b1-Neu<em>p</em>5Gc-(2\u21923)-\u03b2-<small>D</small>-Gal<em>p</em>-(1\u21924)-<small>D</small>-Glc<em>p</em>-yl": "*C1O[C@H](CO)[C@@H](O[C@@H]2O[C@H](CO)[C@H](O)[C@H](O[C@]3(C(=O)O)C[C@H](O)[C@@H](NC(=O)CO)[C@]([H])([C@H](O)[C@H](O)CO)O3)[C@H]2O)[C@H](O)[C@H]1O",
    "\u03b2-<em>N</em>-acetylneuraminyl-2,3-\u03b2-<small>D</small>-galactosyl-1,3-(\u03b2-<em>N</em>-acetylneuraminyl-2,6)-<em>N</em>-acetyl-<small>D</small>-galactosaminyl": "*C1O[C@H](CO[C@@]2(C(=O)O)C[C@H](O)[C@@H](NC(C)=O)[C@]([H])([C@H](O)[C@H](O)CO)O2)[C@H](O)[C@H](O[C@@H]2O[C@H](CO)[C@H](O)[C@H](O[C@@]3(C(=O)O)C[C@H](O)[C@@H](NC(C)=O)[C@]([H])([C@H](O)[C@H](O)CO)O3)[C@H]2O)[C@H]1NC(C)=O",
    "Oligosaccharides with terminal 4-deoxy-6-methyl-alpha-D-galact-4-enuronosyl s": "*O[C@H]1O[C@H](C(=O)OC)[C@H](O[C@H]2O[C@H](C(=O)O)[C@H](O[C@H]3OC(C(=O)OC)=C[C@H](O)[C@H]3O)[C@H](O)[C@H]2O)[C@H](O)[C@H]1O",
    "\u03b1-<small>L</small>-Fuc-(1\u21922)-\u03b2-<small>D</small>-Gal-(1\u21924)-\u03b2-<small>D</small>-GlcNAc-(1\u21923)-\u03b1-<small>D</small>-Gal-yl": "*[C@H]1O[C@H](CO)[C@H](O)[C@H](O[C@@H]2O[C@H](CO)[C@@H](O[C@@H]3O[C@H](CO)[C@H](O)[C@H](O)[C@H]3O[C@@H]3O[C@@H](C)[C@@H](O)[C@@H](O)[C@@H]3O)[C@H](O)[C@H]2NC(C)=O)[C@H]1O",
    "\u03b2-<small>D</small>-Gal-(1\u21923)-\u03b2-<small>D</small>-GalNAc-(1\u21924)-\u03b2-<small>D</small>-Gal-(1\u21924)-\u03b2-<small>D</small>-Glc-yl": "*[C@@H]1O[C@H](CO)[C@@H](O[C@@H]2O[C@H](CO)[C@H](O[C@@H]3O[C@H](CO)[C@H](O)[C@H](O[C@@H]4O[C@H](CO)[C@H](O)[C@H](O)[C@H]4O)[C@H]3NC(C)=O)[C@H](O)[C@H]2O)[C@H](O)[C@H]1O",
    "\u21928)-\u03b1-Neu5Ac-(2\u21923)-[\u03b2-<small>D</small>-Gal-(1\u21923)-\u03b2-<small>D</small>-GalNAc-(1\u21924)]-\u03b2-<small>D</small>-Gal-(1\u21924)-yl": "*[C@H](CO)[C@@H](O)[C@]1([H])O[C@@](O[C@@H]2[C@@H](O)[C@H](*)O[C@H](CO)[C@@H]2O[C@@H]2O[C@H](CO)[C@H](O)[C@H](O[C@@H]3O[C@H](CO)[C@H](O)[C@H](O)[C@H]3O)[C@H]2NC(C)=O)(C(=O)O)C[C@H](O)[C@H]1NC(C)=O",
    "\u03b2-<small>D</small>-GlcA-(1\u21923)-\u03b2-<small>D</small>-Gal-(1\u21923)-\u03b2-<small>D</small>-Gal-(1\u21924)-\u03b2-<small>D</small>-Xyl-yl": "*[C@@H]1OC[C@@H](O[C@@H]2O[C@H](CO)[C@H](O)[C@H](O[C@@H]3O[C@H](CO)[C@H](O)[C@H](O[C@@H]4O[C@H](C(=O)O)[C@@H](O)[C@H](O)[C@H]4O)[C@H]3O)[C@H]2O)[C@H](O)[C@H]1O",
    "<em>N</em><small><sup>2</small></sup>,<em>N</em><small><sup>2</small></sup>,<em>N</em><small><sup>7</small></sup>-trimethylguanosine 5'-triphosphate": "*OP(=O)(O)OP(=O)(O)OP(=O)(O)OC[C@H]1O[C@@H](n2c[n+](C)c3c(=O)nc(N(C)C)nc32)[C@H](O)[C@@H]1O",
    "\u03b2-<small>D</small>-QuiN4Fm-(1\u21924)-\u03b1-<small>D</small>-GalNAcAN-(1\u21924)-\u03b1-<small>D</small>-GalNAcAN-(1\u21923)-\u03b2-<small>D</small>-QuiNAc-yl": "*[C@@H]1O[C@H](C)[C@@H](O)[C@H](O[C@H]2O[C@H](C(N)=O)[C@H](O[C@H]3O[C@H](C(N)=O)[C@H](O[C@@H]4O[C@H](C)[C@@H](NC([H])=O)[C@H](O)[C@H]4O)[C@H](O)[C@H]3NC(C)=O)[C@H](O)[C@H]2NC(C)=O)[C@H]1NC(C)=O",
    "<em>N</em><small><sup>6</small></sup>-[\u03b1-<small>L</small>-Rha<em>p</em>-(1\u21923)-\u03b2-<small>D</small>-Glc<em>p</em>-yl]adipamido": "*NC(=O)CCCCC(=O)N[C@@H]1O[C@H](CO)[C@@H](O)[C@H](O[C@@H]2C[C@@H](C)[C@H](O)[C@@H](O)[C@H]2O)[C@H]1O",
    "\u03b1-<small>D</small>-Rha<em>p</em>2,3-Me<small><sub>2</sub></small>4NFo-(1\u21923)-\u03b1-<small>D</small>-Rha<em>p</em>4NFo-yl": "*[C@H]1O[C@H](C)[C@@H](NC=O)[C@H](O[C@H]2O[C@H](C)[C@@H](NC=O)[C@H](OC)[C@@H]2OC)[C@@H]1O",
    "\u03b1-<small>D</small>-Gal<em>p</em>-(1\u21924)-\u03b2-<small>D</small>-Gal<em>p</em>-(1\u21924)-\u03b2-<small>D</small>-Glc<em>p</em>-yl": "*[C@@H]1O[C@H](CO)[C@@H](O[C@@H]2O[C@H](CO)[C@H](O[C@H]3O[C@H](CO)[C@H](O)[C@H](O)[C@H]3O)[C@H](O)[C@H]2O)[C@H](O)[C@H]1O",
    "\u03b1-<small>L</small>-Fuc<em>p</em>-(1\u21922)-(1\u21923)-[\u03b1-<small>D</small>-Gal<em>p</em>]-\u03b2-<small>D</small>-Gal<em>p</em>-yl": "*[C@@H]1O[C@H](CO)[C@H](O)[C@H](O[C@H]2O[C@H](CO)[C@H](O)[C@H](O)[C@H]2NC(C)=O)[C@H]1O[C@@H]1O[C@@H](C)[C@@H](O)[C@@H](O)[C@@H]1O",
    "\u03b2-<small>D</small>-Gal<em>p</em>NAc-(1\u21924)-[\u03b1-<small>L</small>-Fuc<em>p</em>-(1\u21923)]-<small>D</small>-Glc<em>p</em>NAc-yl": "*C1O[C@H](CO)[C@@H](O[C@@H]2O[C@H](CO)[C@H](O)[C@H](O)[C@H]2NC(C)=O)[C@H](O[C@@H]2O[C@@H](C)[C@@H](O)[C@@H](O)[C@@H]2O)[C@H]1NC(C)=O",
    "\u03b1-<small>L</small>-Fuc<em>p</em>-(1\u21923)-\u03b2-<small>D</small>-Gal<em>p</em>NAc-(1\u21924)-<small>D</small>-Glc<em>p</em>NAc-yl": "*C1O[C@H](CO)[C@@H](O[C@@H]2O[C@H](CO)[C@H](O)[C@H](O[C@@H]3O[C@@H](C)[C@@H](O)[C@@H](O)[C@@H]3O)[C@H]2NC(C)=O)[C@H](O)[C@H]1NC(C)=O",
    "\u03b1-<em>N</em>-acetylneuraminosyl-(2\u21923)-\u03b2-<small>D</small>-galactosyl-(1\u21924)-[\u03b1-<small>L</small>-fucosyl-(1\u21923)]-<em>N</em>-acetyl-<small>D</small>-glucosaminyl(1\u2212)": "*C1O[C@H](CO)[C@@H](O[C@@H]2O[C@H](CO)[C@H](O)[C@H](O[C@]3(C(=O)[O-])C[C@H](O)[C@@H](NC(C)=O)[C@]([H])([C@H](O)[C@H](O)CO)O3)[C@H]2O)[C@H](O[C@@H]2O[C@@H](C)[C@@H](O)[C@@H](O)[C@@H]2O)[C@H]1NC(C)=O",
    "\u03b2-<small>D</small>-Gal<em>p</em>NAc-(1\u21924)-[\u03b1-Neu<em>p</em>5Gc-(2\u21923)]-\u03b2-<small>D</small>-Gal<em>p</em>-(1\u21924)-R": "*[C@@H]1O[C@H](CO)[C@H](O[C@@H]2O[C@H](CO)[C@H](O)[C@H](O)[C@H]2NC(C)=O)[C@H](O[C@]2(C(=O)O)C[C@H](O)[C@@H](NC(C)=O)[C@]([H])([C@H](O)[C@H](O)CO)O2)[C@H]1O",
    "\u03b1-<small>D</small>-Gal<em>p</em>NAc-(1\u21923)-[\u03b1-<small>L</small>-Fuc<em>p</em>-(1\u21922)]-\u03b2-<small>D</small>-Gal<em>p</em>-yl": "*[C@@H]1O[C@H](CO)[C@H](O)[C@H](O[C@H]2O[C@H](CO)[C@H](O)[C@H](O)[C@H]2NC(C)=O)[C@H]1O[C@@H]1O[C@@H](C)[C@@H](O)[C@@H](O)[C@@H]1O",
    "\u03b1-<small>D</small>-Xyl<em>f</em>5SMe-(1\u21924)-\u03b1-<small>D</small>-Man<em>p</em>-(1\u21922)-\u03b1-<small>D</small>-Man<em>p</em>-yl": "*[C@H]1O[C@H](CO)[C@@H](O)[C@H](O)[C@@H]1O[C@H]1O[C@H](CO)[C@@H](O[C@H]2O[C@H](CSC)[C@H](O)[C@H]2O)[C@H](O)[C@@H]1O",
    "\u03b1-<small>D</small>-mannosyl-(1\u21926)-[<em>N</em>-acetyl-\u03b2-<small>D</small>-glucosaminyl-(1\u21922)-\u03b1-<small>D</small>-mannosyl-(1\u21923)]-\u03b2-<small>D</small>-mannosyl": "*[C@@H]1O[C@H](CO[C@H]2O[C@H](CO)[C@@H](O)[C@H](O)[C@@H]2O)[C@@H](O)[C@H](O[C@H]2O[C@H](CO)[C@@H](O)[C@H](O)[C@@H]2O[C@@H]2O[C@H](CO)[C@@H](O)[C@H](O)[C@H]2NC(C)=O)[C@@H]1O",
    "\u03b1-<em>N</em>-acetylneuraminyl-(2\u21926)-[\u03b1-<em>N</em>-acetylneuraminyl-(2\u21923)-\u03b2-<small>D</small>-galactosyl-(1\u21923)]-<em>N</em>-acetyl-\u03b1-<small>D</small>-galactosaminyl": "*[C@H]1O[C@H](CO[C@]2(C(=O)O)C[C@H](O)[C@@H](NC(C)=O)[C@]([H])([C@H](O)[C@H](O)CO)O2)[C@H](O)[C@H](O[C@@H]2O[C@H](CO)[C@H](O)[C@H](O[C@]3(C(=O)O)C[C@H](O)[C@@H](NC(C)=O)[C@]([H])([C@H](O)[C@H](O)CO)O3)[C@H]2O)[C@H]1NC(C)=O",
    "<em>N</em>-acetyl-\u03b2-<small>D</small>-glucosyl-(1\u21926)-[<em>N</em>-acetyl-\u03b2-<small>D</small>-glucosyl-(1\u21923)]-<em>N</em>-acetyl-\u03b1-<small>D</small>-galactosyl": "*[C@H]1O[C@H](CO[C@@H]2O[C@H](CO)[C@@H](O)[C@H](O)[C@H]2NC(C)=O)[C@H](O)[C@H](O[C@@H]2O[C@H](CO)[C@@H](O)[C@H](O)[C@H]2NC(C)=O)[C@H]1NC(C)=O",
    "\u03b1-<small>D</small>-Rha<em>p</em>4NFo-(1\u21923)-\u03b1-<small>D</small>-Rha<em>p</em>4NFo-(1\u21922)-\u03b1-<small>D</small>-Rha<em>p</em>4NFo-yl": "*[C@H]1O[C@H](C)[C@@H](NC([H])=O)[C@H](O)[C@@H]1O[C@H]1O[C@H](C)[C@@H](NC([H])=O)[C@H](O[C@H]2O[C@H](C)[C@@H](NC([H])=O)[C@H](O)[C@@H]2O)[C@@H]1O",
    "\u03b1-<small>D</small>-Rha<em>p</em>4NFo-(1\u21922)-\u03b1-<small>D</small>-Rha<em>p</em>4NFo-(1\u21922)-\u03b1-<small>D</small>-Rha<em>p</em>4NFo-yl": "*[C@H]1O[C@H](C)[C@@H](NC([H])=O)[C@H](O)[C@@H]1O[C@H]1O[C@H](C)[C@@H](NC([H])=O)[C@H](O)[C@@H]1O[C@H]1O[C@H](C)[C@@H](NC([H])=O)[C@H](O)[C@@H]1O",
    "\u03b1-<em>N</em>-acetylneuraminyl-(2\u21923)-\u03b2-<small>D</small>-galactopyranosyl-(1\u21924)-2-acetamido-2-deoxy-\u03b2-<small>D</small>-glucopyranosyl-(1\u21923)-6-deoxy-\u03b1-<small>L</small>-galactopyranosyl": "*[C@@H]1O[C@@H](C)[C@@H](O)[C@@H](O[C@@H]2O[C@H](CO)[C@@H](O[C@@H]3O[C@H](CO)[C@H](O)[C@H](O[C@]4(C(=O)O)C[C@H](O)[C@@H](NC(C)=O)[C@]([H])([C@H](O)[C@H](O)CO)O4)[C@H]3O)[C@H](O)[C@H]2NC(C)=O)[C@@H]1O",
    "\u03b1-<small>D</small>-GalNAc-(1\u21923)-[\u03b1-<small>L</small>-Fuc-(1\u21922)]-\u03b2-<small>D</small>-Gal-(1\u21924)-\u03b2-<small>D</small>-GlcNAc-(1\u21923)-\u03b1-<small>D</small>-Gal-yl": "*[C@H]1O[C@H](CO)[C@H](O)[C@H](O[C@@H]2O[C@H](CO)[C@H](O[C@H]3O[C@H](CO)[C@@H](O)[C@H](O[C@H]4O[C@H](CO)[C@H](O)[C@H](O)[C@H]4O)[C@H]3NC(C)=O)[C@H](O)[C@H]2O[C@@H]2O[C@@H](C)[C@@H](O)[C@@H](O)[C@@H]2O)[C@H]1NC(C)=O",
    "<em>N</em>-acetyl-\u03b2-<small>D</small>-glucosaminyl-1,3-\u03b2-<small>D</small>-galactosyl-1,3-(<em>N</em>-acetyl-\u03b2-<small>D</small>-glucosaminyl-1,6)-<em>N</em>-acetyl-<small>D</small>-galactosaminyl": "*C1O[C@H](CO[C@@H]2O[C@H](CO)[C@@H](O)[C@H](O)[C@H]2NC(C)=O)[C@H](O)[C@H](O[C@@H]2O[C@H](CO)[C@H](O)[C@H](O[C@@H]3O[C@H](CO)[C@@H](O)[C@H](O)[C@H]3NC(C)=O)[C@H]2O)[C@H]1NC(C)=O",
    "beta-D-GalNAc-(1\u21924)-beta-D-GlcA2S-(1\u21923)-beta-D-GalNAc6S-(1\u21924)-beta-D-GlcA-(1\u21923)-beta-D-Gal-(1\u21923)-beta-D-Gal-(1\u21924)-beta-D-Xyl-yl": "*[C@@H]1OC[C@@H](O[C@@H]2O[C@H](CO)[C@H](O)[C@H](O[C@@H]3O[C@H](CO)[C@H](O)[C@H](O[C@@H]4O[C@H](C(=O)O)[C@@H](O[C@@H]5O[C@H](COS(=O)(=O)O)[C@H](O)[C@H](O[C@@H]6O[C@H](C(=O)O)[C@@H](O[C@@H]7O[C@H](CO)[C@H](O)[C@H](O)[C@H]7NC(C)=O)[C@H](O)[C@H]6OS(=O)(=O)O)[C@H]5NC(C)=O)[C@H](O)[C@H]4O)[C@H]3O)[C@H]2O)[C@H](O)[C@H]1O",
    "\u03b2-<small>D</small>-GalNAc-(1\u21924)-\u03b2-<small>D</small>-GlcA-(1\u21923)-\u03b2-<small>D</small>-Gal-(1\u21923)-\u03b2-<small>D</small>-Gal-(1\u21924)-\u03b2-<small>D</small>-Xyl-yl": "*[C@@H]1OC[C@@H](O[C@@H]2O[C@H](CO)[C@H](O)[C@H](O[C@@H]3O[C@H](CO)[C@H](O)[C@H](O[C@@H]4O[C@H](C(=O)O)[C@@H](O[C@@H]5O[C@H](CO)[C@H](O)[C@H](O)[C@H]5NC(C)=O)[C@H](O)[C@H]4O)[C@H]3O)[C@H]2O)[C@H](O)[C@H]1O",
    "\u03b1-<small>D</small>-GlcNAc-(1\u21924)-\u03b2-<small>D</small>-GlcA-(1\u21923)-\u03b2-<small>D</small>-Gal-(1\u21923)-\u03b2-<small>D</small>-Gal-(1\u21924)-\u03b2-<small>D</small>-Xyl-yl": "*[C@@H]1OC[C@@H](O[C@@H]2O[C@H](CO)[C@H](O)[C@H](O[C@@H]3O[C@H](CO)[C@H](O)[C@H](O[C@@H]4O[C@H](C(=O)O)[C@@H](O[C@H]5O[C@H](CO)[C@@H](O)[C@H](O)[C@H]5NC(C)=O)[C@H](O)[C@H]4O)[C@H]3O)[C@H]2O)[C@H](O)[C@H]1O",
    "\u03b1-<small>D</small>-GlcN-(1\u21924)-\u03b2-<small>D</small>-GlcA-(1\u21923)-\u03b2-<small>D</small>-Gal-(1\u21923)-\u03b2-<small>D</small>-Gal-(1\u21924)-\u03b2-<small>D</small>-Xyl-yl": "*[C@@H]1OC[C@@H](O[C@@H]2O[C@H](CO)[C@H](O)[C@H](O[C@@H]3O[C@H](CO)[C@H](O)[C@H](O[C@@H]4O[C@H](C(=O)O)[C@@H](O[C@H]5O[C@H](CO)[C@@H](O)[C@H](O)[C@H]5N)[C@H](O)[C@H]4O)[C@H]3O)[C@H]2O)[C@H](O)[C@H]1O",
    "\u03b1-Neu<em>p</em>5Ac-(2\u21928)-\u03b1-Neu<em>p</em>5Ac-(2\u21923)-\u03b2-<small>D</small>-Gal<em>p</em>-(1\u21924)-\u03b2-<small>D</small>-Glc<em>p</em>-yl": "*[C@@H]1O[C@H](CO)[C@@H](O[C@@H]2O[C@H](CO)[C@H](O)[C@H](O[C@]3(C(=O)O)C[C@H](O)[C@@H](NC(C)=O)[C@]([H])([C@H](O)[C@@H](CO)O[C@]4(C(=O)O)C[C@H](O)[C@@H](NC(C)=O)[C@]([H])([C@H](O)[C@H](O)CO)O4)O3)[C@H]2O)[C@H](O)[C@H]1O",
    "<em>N</em>-acetyl-\u03b2-<small>D</small>-glucosaminyl-1,2-\u03b1-<small>D</small>-mannosyl-1,6-(<em>N</em>-acetyl-\u03b2-<small>D</small>-glucosaminyl-1,2-\u03b1-<small>D</small>-mannosyl-1,3)-\u03b2-<small>D</small>-mannosyl": "*[C@@H]1O[C@H](CO[C@H]2O[C@H](CO)[C@@H](O)[C@H](O)[C@@H]2O[C@@H]2O[C@H](CO)[C@@H](O)[C@H](O)[C@H]2NC(C)=O)[C@@H](O)[C@H](O[C@H]2O[C@H](CO)[C@@H](O)[C@H](O)[C@@H]2O[C@@H]2O[C@H](CO)[C@@H](O)[C@H](O)[C@H]2NC(C)=O)[C@@H]1O",
    "\u03b2-<small>D</small>-Gal<em>p</em>NAc-(1\u21924)-[\u03b1-<small>L</small>-Fuc<em>p</em>-(1\u21922)-\u03b1-<small>L</small>-Fuc<em>p</em>-(1\u21923)]-<small>D</small>-Glc<em>p</em>NAc-yl": "*C1O[C@H](CO)[C@@H](O[C@@H]2O[C@H](CO)[C@H](O)[C@H](O)[C@H]2NC(C)=O)[C@H](O[C@@H]2O[C@@H](C)[C@@H](O)[C@@H](O)[C@@H]2O[C@@H]2O[C@@H](C)[C@@H](O)[C@@H](O)[C@@H]2O)[C@H]1NC(C)=O",
    "\u03b1-<small>L</small>-Fuc<em>p</em>-(1\u21923)-\u03b2-<small>D</small>-Gal<em>p</em>NAc-(1\u21924)-[\u03b1-<small>L</small>-Fuc<em>p</em>-(1\u21923)]-<small>D</small>-Glc<em>p</em>NAc-yl": "*C1O[C@H](CO)[C@@H](O[C@@H]2O[C@H](CO)[C@H](O)[C@H](O[C@@H]3O[C@@H](C)[C@@H](O)[C@@H](O)[C@@H]3O)[C@H]2NC(C)=O)[C@H](O[C@@H]2O[C@@H](C)[C@@H](O)[C@@H](O)[C@@H]2O)[C@H]1NC(C)=O",
    "\u03b2-<small>D</small>-Gal<em>p</em>-(1\u21924)-[\u03b1-<small>D</small>-Man<em>p</em>-(1\u21922)-\u03b1-<small>D</small>-Man<em>p</em>-(1\u21922)]-\u03b1-<small>D</small>-Man<em>p</em>O": "*O[C@H]1O[C@H](CO)[C@@H](O[C@@H]2O[C@H](CO)[C@H](O)[C@H](O)[C@H]2O)[C@H](O)[C@@H]1O[C@H]1O[C@H](CO)[C@@H](O)[C@H](O)[C@@H]1O[C@H]1O[C@H](CO)[C@@H](O)[C@H](O)[C@@H]1O",
    "\u03b2-<small>D</small>-Gal<em>p</em>-(1\u21923)-\u03b2-<small>D</small>-Gal<em>p</em>NAc-(1\u21923)-\u03b1-<small>D</small>-Gal<em>p</em>-(1\u21924)-\u03b2-<small>D</small>-Gal<em>p</em>-yl": "*[C@@H]1O[C@H](CO)[C@H](O[C@H]2O[C@H](CO)[C@H](O)[C@H](O[C@@H]3O[C@H](CO)[C@H](O)[C@H](O[C@@H]4O[C@H](CO)[C@H](O)[C@H](O)[C@H]4O)[C@H]3NC(C)=O)[C@H]2O)[C@H](O)[C@H]1O",
    "\u03b2-<small>D</small>-Ara<em>f</em>-(1\u21922)-\u03b1-<small>D</small>-Ara<em>f</em>-(1\u21925)-\u03b1-<small>D</small>-Ara<em>f</em>-(1\u21925)-\u03b1-<small>D</small>-Ara<em>f</em>-yl": "*[C@H]1O[C@H](CO[C@H]2O[C@H](CO[C@H]3O[C@H](CO)[C@@H](O)[C@@H]3O[C@@H]3O[C@H](CO)[C@@H](O)[C@@H]3O)[C@@H](O)[C@@H]2O)[C@@H](O)[C@@H]1O",
    "\u03b2-<small>D</small>-Man<em>p</em>-(1\u21923)-\u03b2-<small>D</small>-Man<em>p</em>-(1\u21923)-\u03b1-<small>L</small>-Rha<em>p</em>-(1\u21923)-\u03b2-<small>D</small>-Glc<em>p</em>-yl": "*[C@@H]1O[C@H](CO)[C@@H](O)[C@H](O[C@@H]2O[C@@H](C)[C@H](O)[C@@H](O[C@@H]3O[C@H](CO)[C@@H](O)[C@H](O[C@@H]4O[C@H](CO)[C@@H](O)[C@H](O)[C@@H]4O)[C@@H]3O)[C@H]2O)[C@H]1O",
    "\u03b1-<small>D</small>-Man<em>p</em>-(1\u21922)-\u03b1-<small>D</small>-Rha<em>p</em>4NFo-(1\u21923)-\u03b1-<small>D</small>-Rha<em>p</em>4NFo-(1\u21922)-\u03b1-<small>D</small>-Rha<em>p</em>4NFo-yl": "*[C@H]1O[C@H](C)[C@@H](NC([H])=O)[C@H](O)[C@@H]1O[C@H]1O[C@H](C)[C@@H](NC([H])=O)[C@H](O[C@H]2O[C@H](C)[C@@H](NC([H])=O)[C@H](O)[C@@H]2O[C@H]2O[C@H](CO)[C@@H](O)[C@H](O)[C@@H]2O)[C@@H]1O",
    "\u03b2-<small>D</small>-GlcA-(1\u21923)-\u03b2-<small>D</small>-GalNAc-(1\u21924)-\u03b2-<small>D</small>-GlcA-(1\u21923)-\u03b2-<small>D</small>-Gal-(1\u21923)-\u03b2-<small>D</small>-Gal-(1\u21924)-\u03b2-<small>D</small>-Xyl-yl": "*[C@@H]1OC[C@@H](O[C@@H]2O[C@H](CO)[C@H](O)[C@H](O[C@@H]3O[C@H](CO)[C@H](O)[C@H](O[C@@H]4O[C@H](C(=O)O)[C@@H](O[C@@H]5O[C@H](CO)[C@H](O)[C@H](O[C@@H]6O[C@H](C(=O)O)[C@@H](O)[C@H](O)[C@H]6O)[C@H]5NC(C)=O)[C@H](O)[C@H]4O)[C@H]3O)[C@H]2O)[C@H](O)[C@H]1O",
    "\u03b2-<small>D</small>-GlcA-(1\u21924)-\u03b1-<small>D</small>-GlcNAc-(1\u21924)-\u03b2-<small>D</small>-GlcA-(1\u21923)-\u03b2-<small>D</small>-Gal-(1\u21923)-\u03b2-<small>D</small>-Gal-(1\u21924)-\u03b2-<small>D</small>-Xyl-yl": "*[C@@H]1OC[C@@H](O[C@@H]2O[C@H](CO)[C@H](O)[C@H](O[C@@H]3O[C@H](CO)[C@H](O)[C@H](O[C@@H]4O[C@H](C(=O)O)[C@@H](O[C@H]5O[C@H](CO)[C@@H](O[C@@H]6O[C@H](C(=O)O)[C@@H](O)[C@H](O)[C@H]6O)[C@H](O)[C@H]5NC(C)=O)[C@H](O)[C@H]4O)[C@H]3O)[C@H]2O)[C@H](O)[C@H]1O",
    "\u03b1-<small>D</small>-GlcN<em>S</em>3<em>S</em>-(1\u21924)-\u03b2-<small>D</small>-GlcA-(1\u21923)-\u03b2-<small>D</small>-Gal-(1\u21923)-\u03b2-<small>D</small>-Gal-(1\u21924)-\u03b2-<small>D</small>-Xyl-yl": "*[C@@H]1OC[C@@H](O[C@@H]2O[C@H](CO)[C@H](O)[C@H](O[C@@H]3O[C@H](CO)[C@H](O)[C@H](O[C@@H]4O[C@H](C(=O)O)[C@@H](O[C@H]5O[C@H](CO)[C@@H](O)[C@H](OS(=O)(=O)O)[C@H]5NS(=O)(=O)O)[C@H](O)[C@H]4O)[C@H]3O)[C@H]2O)[C@H](O)[C@H]1O",
    "\u03b1-<small>D</small>-Rha<em>p</em>4NFo-(1\u21922)-\u03b1-<small>D</small>-Rha<em>p</em>4NFo-(1\u21923)-\u03b1-<small>D</small>-Rha<em>p</em>4NFo-(1\u21922)-\u03b1-<small>D</small>-Rha<em>p</em>4NFo-yl": "*[C@H]1O[C@H](C)[C@@H](NC([H])=O)[C@H](O)[C@@H]1O[C@H]1O[C@H](C)[C@@H](NC([H])=O)[C@H](O[C@H]2O[C@H](C)[C@@H](NC([H])=O)[C@H](O)[C@@H]2O[C@H]2O[C@H](C)[C@@H](NC([H])=O)[C@H](O)[C@@H]2O)[C@@H]1O",
    "<em>N</em>-acetyl-\u03b2-<small>D</small>-glucosaminyl-1,4-(<em>N</em>-acetyl-<small>D</small>-glucosaminyl-1,2)-\u03b1-<small>D</small>-mannosyl-1,3-(\u03b2-<em>N</em>-acetyl-<small>D</small>-glucosaminyl-1,2-\u03b1-<small>D</small>-mannosyl-1,6)-\u03b2-<small>D</small>-mannosyl": "*[C@@H]1O[C@H](CO[C@H]2O[C@H](CO)[C@@H](O)[C@H](O)[C@@H]2O[C@@H]2O[C@H](CO)[C@@H](O)[C@H](O)[C@H]2NC(C)=O)[C@@H](O)[C@H](O[C@H]2O[C@H](CO)[C@@H](O)[C@H](O)[C@@H]2O[C@@H]2O[C@H](CO)[C@@H](O[C@@H]3O[C@H](CO)[C@@H](O)[C@H](O)[C@H]3NC(C)=O)[C@H](O)[C@H]2NC(C)=O)[C@@H]1O",
    "\u03b1-Neu<em>p</em>5Ac-(2\u21923)-\u03b2-<small>D</small>-Gal<em>p</em>-(1\u21924)-[\u03b1-<small>L</small>-Fuc<em>p</em>-(1\u21923)]-\u03b2-<small>D</small>-Glc<em>p</em>NAc-(1\u21923)-<small>D</small>-Gal<em>p</em>-yl": "*C1O[C@H](CO)[C@H](O)[C@H](O[C@@H]2O[C@H](CO)[C@@H](O[C@@H]3O[C@H](CO)[C@H](O)[C@H](O[C@]4(C(=O)O)C[C@H](O)[C@@H](NC(C)=O)[C@]([H])([C@H](O)[C@H](O)CO)O4)[C@H]3O)[C@H](O[C@@H]3O[C@@H](C)[C@@H](O)[C@@H](O)[C@@H]3O)[C@H]2NC(C)=O)[C@H]1O",
    "<em>N</em>-acetyl-\u03b2-<small>D</small>-glucosaminyl-1,2-\u03b1-<small>D</small>-mannosyl-1,3-(<em>N</em>-acetyl-\u03b2-<small>D</small>-glucosaminyl-1,2-\u03b1-<small>D</small>-mannosyl-1,6)-\u03b2-<small>D</small>-mannosyl-1,4-<em>N</em>-acetyl-\u03b2-<small>D</small>-glucosaminyl": "*[C@@H]1O[C@H](CO[C@H]2O[C@H](CO)[C@@H](O)[C@H](O)[C@@H]2O[C@@H]2O[C@H](CO)[C@@H](O)[C@H](O)[C@H]2NC(C)=O)[C@@H](O[C@@H]2O[C@H](CO)[C@@H](O)[C@H](O)[C@@H]2O)[C@H](O[C@H]2O[C@H](CO)[C@@H](O)[C@H](O)[C@@H]2O[C@@H]2O[C@H](CO)[C@@H](O)[C@H](O)[C@H]2NC(C)=O)[C@H]1NC(C)=O",
    "\u03b2-<small>D</small>-GlcNAc-(1\u21922)-\u03b1-<small>D</small>-Man-(1\u21923)-[\u03b2-<small>D</small>-GlcNAc-(1\u21922)-\u03b1-<small>D</small>-Man-(1\u21926)]-\u03b2-<small>D</small>-Man-(1\u21924)-\u03b2-<small>D</small>-GlcNAcl-(1\u21924)-\u03b2-<small>D</small>-GlcNAc-yl": "*[C@@H]1O[C@H](CO)[C@@H](O[C@@H]2O[C@H](CO)[C@@H](O[C@@H]3O[C@H](CO[C@H]4O[C@H](CO)[C@@H](O)[C@H](O)[C@@H]4O[C@@H]4O[C@H](CO)[C@@H](O)[C@H](O)[C@H]4NC(C)=O)[C@@H](O)[C@H](O[C@H]4O[C@H](CO)[C@@H](O)[C@H](O)[C@@H]4O[C@@H]4O[C@H](CO)[C@@H](O)[C@H](O)[C@H]4NC(C)=O)[C@@H]3O)[C@H](O)[C@H]2NC(C)=O)[C@H](O)[C@H]1NC(C)=O",
    "\u03b2-<small>D</small>-GalNAc-(1\u21924)-\u03b2-<small>D</small>-GlcA-(1\u21923)-\u03b2-<small>D</small>-GalNAc-(1\u21924)-\u03b2-<small>D</small>-GlcA-(1\u21923)-\u03b2-<small>D</small>-Gal-(1\u21923)-\u03b2-<small>D</small>-Gal-(1\u21924)-\u03b2-<small>D</small>-Xyl-yl": "*[C@@H]1OC[C@@H](O[C@@H]2O[C@H](CO)[C@H](O)[C@H](O[C@@H]3O[C@H](CO)[C@H](O)[C@H](O[C@@H]4O[C@H](C(=O)O)[C@@H](O[C@@H]5O[C@H](CO)[C@H](O)[C@H](O[C@@H]6O[C@H](C(=O)O)[C@@H](O[C@@H]7O[C@H](CO)[C@H](O)[C@H](O)[C@H]7NC(C)=O)[C@H](O)[C@H]6O)[C@H]5NC(C)=O)[C@H](O)[C@H]4O)[C@H]3O)[C@H]2O)[C@H](O)[C@H]1O",
    "\u03b2-<small>D</small>-GalNAc-(1\u21924)-\u03b2-<small>D</small>-GlcA-(1\u21923)-\u03b2-<small>D</small>-GalNAc6S-(1\u21924)-\u03b2-<small>D</small>-GlcA-(1\u21923)-\u03b2-<small>D</small>-Gal-(1\u21923)-\u03b2-<small>D</small>-Gal-(1\u21924)-\u03b2-<small>D</small>-Xyl-yl": "*[C@@H]1OC[C@@H](O[C@@H]2O[C@H](CO)[C@H](O)[C@H](O[C@@H]3O[C@H](CO)[C@H](O)[C@H](O[C@@H]4O[C@H](C(=O)O)[C@@H](O[C@@H]5O[C@H](COS(=O)(=O)O)[C@H](O)[C@H](O[C@@H]6O[C@H](C(=O)O)[C@@H](O[C@@H]7O[C@H](CO)[C@H](O)[C@H](O)[C@H]7NC(C)=O)[C@H](O)[C@H]6O)[C@H]5NC(C)=O)[C@H](O)[C@H]4O)[C@H]3O)[C@H]2O)[C@H](O)[C@H]1O",
    "\u03b2-<small>D</small>-GalNAc-(1\u21924)-\u03b2-<small>D</small>-GlcA-(1\u21923)-\u03b2-<small>D</small>-GalNAc4S-(1\u21924)-\u03b2-<small>D</small>-GlcA-(1\u21923)-\u03b2-<small>D</small>-Gal-(1\u21923)-\u03b2-<small>D</small>-Gal-(1\u21924)-\u03b2-<small>D</small>-Xyl-yl": "*[C@@H]1OC[C@@H](O[C@@H]2O[C@H](CO)[C@H](O)[C@H](O[C@@H]3O[C@H](CO)[C@H](O)[C@H](O[C@@H]4O[C@H](C(=O)O)[C@@H](O[C@@H]5O[C@H](CO)[C@H](OS(=O)(=O)O)[C@H](O[C@@H]6O[C@H](C(=O)O)[C@@H](O[C@@H]7O[C@H](CO)[C@H](O)[C@H](O)[C@H]7NC(C)=O)[C@H](O)[C@H]6O)[C@H]5NC(C)=O)[C@H](O)[C@H]4O)[C@H]3O)[C@H]2O)[C@H](O)[C@H]1O",
    "\u03b2-<small>D</small>-GalNAc-(1\u21924)-\u03b2-<small>D</small>-IdoA-(1\u21923)-\u03b2-<small>D</small>-GalNAc4S-(1\u21924)-\u03b2-<small>D</small>-GlcA-(1\u21923)-\u03b2-<small>D</small>-Gal-(1\u21923)-\u03b2-<small>D</small>-Gal-(1\u21924)-\u03b2-<small>D</small>-Xyl-yl": "*[C@@H]1OC[C@@H](O[C@@H]2O[C@H](CO)[C@H](O)[C@H](O[C@@H]3O[C@H](CO)[C@H](O)[C@H](O[C@@H]4O[C@H](C(=O)O)[C@@H](O[C@@H]5O[C@H](CO)[C@H](OS(=O)(=O)O)[C@H](O[C@@H]6O[C@H](C(=O)O)[C@H](O[C@@H]7O[C@H](CO)[C@H](O)[C@H](O)[C@H]7NC(C)=O)[C@@H](O)[C@@H]6O)[C@H]5NC(C)=O)[C@H](O)[C@H]4O)[C@H]3O)[C@H]2O)[C@H](O)[C@H]1O",
    "\u03b2-<small>D</small>-GalNAc-(1\u21924)-\u03b2-<small>D</small>-IdoA2S-(1\u21923)-\u03b2-<small>D</small>-GalNAc4S-(1\u21924)-\u03b2-<small>D</small>-GlcA-(1\u21923)-\u03b2-<small>D</small>-Gal-(1\u21923)-\u03b2-<small>D</small>-Gal-(1\u21924)-\u03b2-<small>D</small>-Xyl-yl": "*[C@@H]1OC[C@@H](O[C@@H]2O[C@H](CO)[C@H](O)[C@H](O[C@@H]3O[C@H](CO)[C@H](O)[C@H](O[C@@H]4O[C@H](C(=O)O)[C@@H](O[C@@H]5O[C@H](CO)[C@H](OS(=O)(=O)O)[C@H](O[C@@H]6O[C@H](C(=O)O)[C@H](O[C@@H]7O[C@H](CO)[C@H](O)[C@H](O)[C@H]7NC(C)=O)[C@@H](O)[C@@H]6OS(=O)(=O)O)[C@H]5NC(C)=O)[C@H](O)[C@H]4O)[C@H]3O)[C@H]2O)[C@H](O)[C@H]1O",
    "\u03b2-<small>D</small>-GalNAc4S-(1\u21924)-\u03b2-<small>D</small>-IdoA2S-(1\u21923)-\u03b2-<small>D</small>-GalNAc4S-(1\u21924)-\u03b2-<small>D</small>-GlcA-(1\u21923)-\u03b2-<small>D</small>-Gal-(1\u21923)-\u03b2-<small>D</small>-Gal-(1\u21924)-\u03b2-<small>D</small>-Xyl-yl": "*[C@@H]1OC[C@@H](O[C@@H]2O[C@H](CO)[C@H](O)[C@H](O[C@@H]3O[C@H](CO)[C@H](O)[C@H](O[C@@H]4O[C@H](C(=O)O)[C@@H](O[C@@H]5O[C@H](CO)[C@H](OS(=O)(=O)O)[C@H](O[C@@H]6O[C@H](C(=O)O)[C@H](O[C@@H]7O[C@H](CO)[C@H](OS(=O)(=O)O)[C@H](O)[C@H]7NC(C)=O)[C@@H](O)[C@@H]6OS(=O)(=O)O)[C@H]5NC(C)=O)[C@H](O)[C@H]4O)[C@H]3O)[C@H]2O)[C@H](O)[C@H]1O",
    "\u03b1-<small>D</small>-GlcNAc-(1\u21924)-\u03b2-<small>D</small>-GlcA-(1\u21924)-\u03b1-<small>D</small>-GlcNAc-(1\u21924)-\u03b2-<small>D</small>-GlcA-(1\u21923)-\u03b2-<small>D</small>-Gal-(1\u21923)-\u03b2-<small>D</small>-Gal-(1\u21924)-\u03b2-<small>D</small>-Xyl-yl": "*[C@@H]1OC[C@@H](O[C@@H]2O[C@H](CO)[C@H](O)[C@H](O[C@@H]3O[C@H](CO)[C@H](O)[C@H](O[C@@H]4O[C@H](C(=O)O)[C@@H](O[C@H]5O[C@H](CO)[C@@H](O[C@@H]6O[C@H](C(=O)O)[C@@H](O[C@H]7O[C@H](CO)[C@@H](O)[C@H](O)[C@H]7NC(C)=O)[C@H](O)[C@H]6O)[C@H](O)[C@H]5NC(C)=O)[C@H](O)[C@H]4O)[C@H]3O)[C@H]2O)[C@H](O)[C@H]1O",
    "\u03b2-<small>D</small>-IdoA-(1\u21924)-\u03b1-<small>D</small>-GlcN<em>S</em>3<em>S</em>-(1\u21924)-\u03b2-<small>D</small>-GlcA-(1\u21923)-\u03b2-<small>D</small>-Gal-(1\u21923)-\u03b2-<small>D</small>-Gal-(1\u21924)-\u03b2-<small>D</small>-Xyl-yl": "*[C@@H]1OC[C@@H](O[C@@H]2O[C@H](CO)[C@H](O)[C@H](O[C@@H]3O[C@H](CO)[C@H](O)[C@H](O[C@@H]4O[C@H](C(=O)O)[C@@H](O[C@H]5O[C@H](CO)[C@@H](O[C@@H]6O[C@H](C(=O)O)[C@H](O)[C@@H](O)[C@@H]6O)[C@H](OS(=O)(=O)O)[C@H]5NS(=O)(=O)O)[C@H](O)[C@H]4O)[C@H]3O)[C@H]2O)[C@H](O)[C@H]1O",
    "\u03b2-<small>D</small>-GalNAc-(1\u21924)-\u03b2-<small>D</small>-IdoA-(1\u21923)-\u03b2-<small>D</small>-GalNAc-(1\u21924)-\u03b2-<small>D</small>-GlcA-(1\u21923)-\u03b2-<small>D</small>-Gal-(1\u21923)-\u03b2-<small>D</small>-Gal-(1\u21924)-\u03b2-<small>D</small>-Xyl-yl": "*[C@@H]1OC[C@@H](O[C@@H]2O[C@H](CO)[C@H](O)[C@H](O[C@@H]3O[C@H](CO)[C@H](O)[C@H](O[C@@H]4O[C@H](C(=O)O)[C@@H](O[C@@H]5O[C@H](CO)[C@H](O)[C@H](O[C@@H]6O[C@H](C(=O)O)[C@H](O[C@@H]7O[C@H](CO)[C@H](O)[C@H](O)[C@H]7NC(C)=O)[C@@H](O)[C@@H]6O)[C@H]5NC(C)=O)[C@H](O)[C@H]4O)[C@H]3O)[C@H]2O)[C@H](O)[C@H]1O",
    "\u03b1-<small>D</small>-Man<em>p</em>-(1\u21923)-[\u03b1-<small>D</small>-Man<em>p</em>-(1\u21926)]-\u03b2-<small>D</small>-Man<em>p</em>-(1\u21924)-\u03b2-<small>D</small>-Glc<em>p</em>NAc-(1\u21924)-<small>D</small>-Glc<em>p</em>NAc-yl": "*C1O[C@H](CO)[C@@H](O[C@@H]2O[C@H](CO)[C@@H](O[C@@H]3O[C@H](CO[C@H]4O[C@H](CO)[C@@H](O)[C@H](O)[C@@H]4O)[C@@H](O)[C@H](O[C@H]4O[C@H](CO)[C@@H](O)[C@H](O)[C@@H]4O)[C@@H]3O)[C@H](O)[C@H]2NC(C)=O)[C@H](O)[C@H]1NC(C)=O",
    "\u03b1-<small>D</small>-Man<em>p</em>-(1\u21922)-\u03b2-<small>D</small>-Man<em>p</em>-(1\u21923)-\u03b2-<small>D</small>-Man<em>p</em>-(1\u21923)-\u03b1-<small>L</small>-Rha<em>p</em>-(1\u21923)-\u03b2-<small>D</small>-Glc<em>p</em>-yl": "*[C@@H]1O[C@H](CO)[C@@H](O)[C@H](O[C@@H]2O[C@@H](C)[C@H](O)[C@@H](O[C@@H]3O[C@H](CO)[C@@H](O)[C@H](O[C@@H]4O[C@H](CO)[C@@H](O)[C@H](O)[C@@H]4O[C@H]4O[C@H](CO)[C@@H](O)[C@H](O)[C@@H]4O)[C@@H]3O)[C@H]2O)[C@H]1O",
    "\u03b1-<small>L</small>-Fuc<em>p</em>-(1\u21923)-[\u03b1-<small>D</small>-Man<em>p</em>-(1\u21923)-[\u03b1-<small>D</small>-Man<em>p</em>-(1\u21926)]-\u03b2-<small>D</small>-Man<em>p</em>-(1\u21924)-\u03b2-<small>D</small>-Glc<em>p</em>NAc-(1\u21924)]-<small>D</small>-Glc<em>p</em>NAc-yl": "*C1O[C@H](CO)[C@@H](O[C@@H]2O[C@H](CO)[C@@H](O[C@@H]3O[C@H](CO[C@H]4O[C@H](CO)[C@@H](O)[C@H](O)[C@@H]4O)[C@@H](O)[C@H](O[C@H]4O[C@H](CO)[C@@H](O)[C@H](O)[C@@H]4O)[C@@H]3O)[C@H](O)[C@H]2NC(C)=O)[C@H](O[C@@H]2O[C@@H](C)[C@@H](O)[C@@H](O)[C@@H]2O)[C@H]1NC(C)=O",
    "\u03b1-<small>L</small>-Fuc<em>p</em>-(1\u21926)-[\u03b1-<small>D</small>-Man<em>p</em>-(1\u21923)-[\u03b1-<small>D</small>-Man<em>p</em>-(1\u21926)]-\u03b2-<small>D</small>-Man<em>p</em>-(1\u21924)-\u03b2-<small>D</small>-Glc<em>p</em>NAc-(1\u21924)]-<small>D</small>-Glc<em>p</em>NAc-yl": "*C1O[C@H](CO[C@@H]2O[C@@H](C)[C@@H](O)[C@@H](O)[C@@H]2O)[C@@H](O[C@@H]2O[C@H](CO)[C@@H](O[C@@H]3O[C@H](CO[C@H]4O[C@H](CO)[C@@H](O)[C@H](O)[C@@H]4O)[C@@H](O)[C@H](O[C@H]4O[C@H](CO)[C@@H](O)[C@H](O)[C@@H]4O)[C@@H]3O)[C@H](O)[C@H]2NC(C)=O)[C@H](O)[C@H]1NC(C)=O",
    "\u03b1-<small>D</small>-Man<em>p</em>-(1\u21923)-[\u03b1-<small>D</small>-Man<em>p</em>-(1\u21926)]-[\u03b2-<small>D</small>-Xyl<em>p</em>-(1\u21922)]-\u03b2-<small>D</small>-Man<em>p</em>-(1\u21924)-\u03b2-<small>D</small>-Glc<em>p</em>NAc-(1\u21924)-<small>D</small>-Glc<em>p</em>NAc-yl": "*C1O[C@H](CO)[C@@H](O[C@@H]2O[C@H](CO)[C@@H](O[C@@H]3O[C@H](CO[C@H]4O[C@H](CO)[C@@H](O)[C@H](O)[C@@H]4O)[C@@H](O)[C@H](O[C@H]4O[C@H](CO)[C@@H](O)[C@H](O)[C@@H]4O)[C@@H]3O[C@@H]3OC[C@@H](O)[C@H](O)[C@H]3O)[C@H](O)[C@H]2NC(C)=O)[C@H](O)[C@H]1NC(C)=O",
    "\u03b1-<small>D</small>-Man<em>p</em>-(1\u21922)-\u03b1-<small>D</small>-Man<em>p</em>-(1\u21922)-\u03b1-<small>D</small>-Man<em>p</em>-(1\u21923)-\u03b2-<small>D</small>-Man<em>p</em>-(1\u21924)-\u03b2-<small>D</small>-Glc<em>p</em>NAc-(1\u21924)-<small>D</small>-Glc<em>p</em>NAc-yl": "*C1O[C@H](CO)[C@@H](O[C@@H]2O[C@H](CO)[C@@H](O[C@@H]3O[C@H](CO)[C@@H](O)[C@H](O[C@H]4O[C@H](CO)[C@@H](O)[C@H](O)[C@@H]4O[C@H]4O[C@H](CO)[C@@H](O)[C@H](O)[C@@H]4O[C@H]4O[C@H](CO)[C@@H](O)[C@H](O)[C@@H]4O)[C@@H]3O)[C@H](O)[C@H]2NC(C)=O)[C@H](O)[C@H]1NC(C)=O",
    "\u03b1-<small>D</small>-Man<em>p</em>-(1\u21922)-\u03b1-<small>D</small>-Man<em>p</em>-(1\u21922)-\u03b1-<small>D</small>-Man<em>p</em>-(1\u21923)-[\u03b1-<small>D</small>-Man<em>p</em>-(1\u21922)-\u03b1-<small>D</small>-Man<em>p</em>-(1\u21923)-[\u03b1-<small>D</small>-Man<em>p</em>-(1\u21922)-\u03b1-<small>D</small>-Man<em>p</em>-(1\u21926)]-\u03b1-<small>D</small>-Man<em>p</em>-(1\u21926)]-\u03b2-<small>D</small>-Man<em>p</em>-(1\u21924)-\u03b2-<small>D</small>-Glc<em>p</em>NAc-(1\u21924)-<small>D</small>-Glc<em>p</em>NAc-yl": "*C1O[C@H](CO)[C@@H](O[C@@H]2O[C@H](CO)[C@@H](O[C@@H]3O[C@H](CO[C@H]4O[C@H](CO[C@H]5O[C@H](CO)[C@@H](O)[C@H](O)[C@@H]5O[C@H]5O[C@H](CO)[C@@H](O)[C@H](O)[C@@H]5O)[C@@H](O)[C@H](O[C@H]5O[C@H](CO)[C@@H](O)[C@H](O)[C@@H]5O[C@H]5O[C@H](CO)[C@@H](O)[C@H](O)[C@@H]5O)[C@@H]4O)[C@@H](O)[C@H](O[C@H]4O[C@H](CO)[C@@H](O)[C@H](O)[C@@H]4O[C@H]4O[C@H](CO)[C@@H](O)[C@H](O)[C@@H]4O[C@H]4O[C@H](CO)[C@@H](O)[C@H](O)[C@@H]4O)[C@@H]3O)[C@H](O)[C@H]2NC(C)=O)[C@H](O)[C@H]1NC(C)=O",
    "\u03b2-<small>D</small>-Gal<em>p</em>-(1\u21924)-\u03b2-<small>D</small>-Glc<em>p</em>NAc-(1\u21922)-\u03b1-<small>D</small>-Man<em>p</em>-(1\u21923)-\u03b2-<small>D</small>-Man<em>p</em>-(1\u21924)-\u03b2-<small>D</small>-Glc<em>p</em>NAc-(1\u21924)-<small>D</small>-Glc<em>p</em>NAc-yl": "*C1O[C@H](CO)[C@@H](O[C@@H]2O[C@H](CO)[C@@H](O[C@@H]3O[C@H](CO)[C@@H](O)[C@H](O[C@H]4O[C@H](CO)[C@@H](O)[C@H](O)[C@@H]4O[C@@H]4O[C@H](CO)[C@@H](O[C@@H]5O[C@H](CO)[C@H](O)[C@H](O)[C@H]5O)[C@H](O)[C@H]4NC(C)=O)[C@@H]3O)[C@H](O)[C@H]2NC(C)=O)[C@H](O)[C@H]1NC(C)=O",
    "\u03b1-<small>L</small>-Fuc<em>p</em>-(1\u21923)-[\u03b2-<small>D</small>-Gal<em>p</em>-(1\u21924)]-\u03b2-<small>D</small>-Glc<em>p</em>NAc-(1\u21922)-\u03b1-<small>D</small>-Man<em>p</em>-(1\u21923)-[\u03b2-<small>D</small>-Gal<em>p</em>-(1\u21924)-\u03b2-<small>D</small>-Glc<em>p</em>NAc-(1\u21922)-\u03b1-<small>D</small>-Man<em>p</em>-(1\u21926)]-\u03b2-<small>D</small>-Man<em>p</em>-(1\u21924)-\u03b2-<small>D</small>-Glc<em>p</em>NAc-(1\u21924)-<small>D</small>-Glc<em>p</em>NAc-yl": "*C1O[C@H](CO)[C@@H](O[C@@H]2O[C@H](CO)[C@@H](O[C@@H]3O[C@H](CO[C@H]4O[C@H](CO)[C@@H](O)[C@H](O)[C@@H]4O[C@@H]4O[C@H](CO)[C@@H](O[C@@H]5O[C@H](CO)[C@H](O)[C@H](O)[C@H]5O)[C@H](O)[C@H]4NC(C)=O)[C@@H](O)[C@H](O[C@H]4O[C@H](CO)[C@@H](O)[C@H](O)[C@@H]4O[C@@H]4O[C@H](CO)[C@@H](O[C@@H]5O[C@H](CO)[C@H](O)[C@H](O)[C@H]5O)[C@H](O[C@@H]5O[C@@H](C)[C@@H](O)[C@@H](O)[C@@H]5O)[C@H]4NC(C)=O)[C@@H]3O)[C@H](O)[C@H]2NC(C)=O)[C@H](O)[C@H]1NC(C)=O",
    "\u03b1-Neu<em>p</em>5Ac-(2\u21926)-\u03b2-<small>D</small>-Gal<em>p</em>-(1\u21924)-\u03b2-<small>D</small>-Glc<em>p</em>NAc-(1\u21922)-\u03b1-<small>D</small>-Man<em>p</em>-(1\u21923)-[\u03b2-<small>D</small>-Gal<em>p</em>-(1\u21924)-\u03b2-<small>D</small>-Glc<em>p</em>NAc-(1\u21922)-\u03b1-<small>D</small>-Man<em>p</em>-(1\u21926)]-\u03b2-<small>D</small>-Man<em>p</em>-(1\u21924)-\u03b2-<small>D</small>-Glc<em>p</em>NAc-(1\u21924)-<small>D</small>-Glc<em>p</em>NAc-yl": "*C1O[C@H](CO)[C@@H](O[C@@H]2O[C@H](CO)[C@@H](O[C@@H]3O[C@H](CO[C@H]4O[C@H](CO)[C@@H](O)[C@H](O)[C@@H]4O[C@@H]4O[C@H](CO)[C@@H](O[C@@H]5O[C@H](CO)[C@H](O)[C@H](O)[C@H]5O)[C@H](O)[C@H]4NC(C)=O)[C@@H](O)[C@H](O[C@H]4O[C@H](CO)[C@@H](O)[C@H](O)[C@@H]4O[C@@H]4O[C@H](CO)[C@@H](O[C@@H]5O[C@H](CO[C@]6(C(=O)O)C[C@H](O)[C@@H](NC(C)=O)[C@]([H])([C@H](O)[C@H](O)CO)O6)[C@H](O)[C@H](O)[C@H]5O)[C@H](O)[C@H]4NC(C)=O)[C@@H]3O)[C@H](O)[C@H]2NC(C)=O)[C@H](O)[C@H]1NC(C)=O",
    "\u03b1-Neu<em>p</em>5Ac-(2\u21926)-\u03b2-<small>D</small>-Gal<em>p</em>-(1\u21924)-\u03b2-<small>D</small>-Glc<em>p</em>NAc-(1\u21922)-\u03b1-<small>D</small>-Man<em>p</em>-(1\u21923)-[\u03b1-Neu<em>p</em>5-Ac-(2\u21926)-\u03b2-<small>D</small>-Gal<em>p</em>-(1\u21924)-\u03b2-<small>D</small>-Glc<em>p</em>NAc-(1\u21922)-\u03b1-<small>D</small>-Man<em>p</em>-(1\u21926)]-\u03b2-<small>D</small>-Man<em>p</em>-(1\u21924)-\u03b2-<small>D</small>-Glc<em>p</em>NAc-(1\u21924)-[\u03b1-<small>L</small>-Fuc<em>p</em>-(1\u21926)]-<small>D</small>-Glc<em>p</em>NAc-yl": "*C1O[C@H](CO[C@@H]2O[C@@H](C)[C@@H](O)[C@@H](O)[C@@H]2O)[C@@H](O[C@@H]2O[C@H](CO)[C@@H](O[C@@H]3O[C@H](CO[C@H]4O[C@H](CO)[C@@H](O)[C@H](O)[C@@H]4O[C@@H]4O[C@H](CO)[C@@H](O[C@@H]5O[C@H](CO[C@]6(C(=O)O)C[C@H](O)[C@@H](NC(C)=O)[C@]([H])([C@H](O)[C@H](O)CO)O6)[C@H](O)[C@H](O)[C@H]5O)[C@H](O)[C@H]4NC(C)=O)[C@@H](O)[C@H](O[C@H]4O[C@H](CO)[C@@H](O)[C@H](O)[C@@H]4O[C@@H]4O[C@H](CO)[C@@H](O[C@@H]5O[C@H](CO[C@]6(C(=O)O)C[C@H](O)[C@@H](NC(C)=O)[C@]([H])([C@H](O)[C@H](O)CO)O6)[C@H](O)[C@H](O)[C@H]5O)[C@H](O)[C@H]4NC(C)=O)[C@@H]3O)[C@H](O)[C@H]2NC(C)=O)[C@H](O)[C@H]1NC(C)=O",
    "\u03b1-Neu<em>p</em>5Ac-(2\u21926)-\u03b2-<small>D</small>-Gal<em>p</em>-(1\u21924)-\u03b2-<small>D</small>-Glc<em>p</em>NAc-(1\u21922)-[\u03b1-Neu<em>p</em>5Ac-(2\u21926)-\u03b2-<small>D</small>-Gal<em>p</em>-(1\u21924)-\u03b2-<small>D</small>-Glc<em>p</em>NAc-(1\u21924)]-\u03b1-<small>D</small>-Man<em>p</em>-(1\u21923)-\u03b2-<small>D</small>-Man<em>p</em>-(1\u21924)-\u03b2-<small>D</small>-Glc<em>p</em>NAc-(1\u21924)-<small>D</small>-Glc<em>p</em>NAc-yl": "*C1O[C@H](CO)[C@@H](O[C@@H]2O[C@H](CO)[C@@H](O[C@@H]3O[C@H](CO)[C@@H](O)[C@H](O[C@H]4O[C@H](CO)[C@@H](O[C@@H]5O[C@H](CO)[C@@H](O[C@@H]6O[C@H](CO[C@]7(C(=O)O)C[C@H](O)[C@@H](NC(C)=O)[C@]([H])([C@H](O)[C@H](O)CO)O7)[C@H](O)[C@H](O)[C@H]6O)[C@H](O)[C@H]5NC(C)=O)[C@H](O)[C@@H]4O[C@@H]4O[C@H](CO)[C@@H](O[C@@H]5O[C@H](CO[C@]6(C(=O)O)C[C@H](O)[C@@H](NC(C)=O)[C@]([H])([C@H](O)[C@H](O)CO)O6)[C@H](O)[C@H](O)[C@H]5O)[C@H](O)[C@H]4NC(C)=O)[C@@H]3O)[C@H](O)[C@H]2NC(C)=O)[C@H](O)[C@H]1NC(C)=O",
    "\u03b1-Neu<em>p</em>5Ac-(2\u21923)-\u03b2-<small>D</small>-Gal<em>p</em>-(1\u21924)-\u03b2-<small>D</small>-Glc<em>p</em>NAc-(1\u21922)-[\u03b1-Neu<em>p</em>5Ac-(2\u21923)-\u03b2-<small>D</small>-Gal<em>p</em>-(1\u21924)-\u03b2-<small>D</small>-Glc<em>p</em>NAc-(1\u21924)]-\u03b1-<small>D</small>-Man<em>p</em>-(1\u21923)-\u03b2-<small>D</small>-Man<em>p</em>-(1\u21924)-\u03b2-<small>D</small>-Glc<em>p</em>NAc-(1\u21924)-<small>D</small>-Glc<em>p</em>NAc-yl": "*C1O[C@H](CO)[C@@H](O[C@@H]2O[C@H](CO)[C@@H](O[C@@H]3O[C@H](CO)[C@@H](O)[C@H](O[C@H]4O[C@H](CO)[C@@H](O[C@@H]5O[C@H](CO)[C@@H](O[C@@H]6O[C@H](CO)[C@H](O)[C@H](O[C@]7(C(=O)O)C[C@H](O)[C@@H](NC(C)=O)[C@]([H])([C@H](O)[C@H](O)CO)O7)[C@H]6O)[C@H](O)[C@H]5NC(C)=O)[C@H](O)[C@@H]4O[C@@H]4O[C@H](CO)[C@@H](O[C@@H]5O[C@H](CO)[C@H](O)[C@H](O[C@]6(C(=O)O)C[C@H](O)[C@@H](NC(C)=O)[C@]([H])([C@H](O)[C@H](O)CO)O6)[C@H]5O)[C@H](O)[C@H]4NC(C)=O)[C@@H]3O)[C@H](O)[C@H]2NC(C)=O)[C@H](O)[C@H]1NC(C)=O",
    "\u03b1-Neu<em>p</em>5Ac-(2\u21926)-\u03b2-<small>D</small>-Gal<em>p</em>-(1\u21924)-\u03b2-<small>D</small>-Glc<em>p</em>NAc-(1\u21922)-\u03b1-<small>D</small>-Man<em>p</em>-(1\u21923)-[\u03b2-<small>D</small>-Gal<em>p</em>-(1\u21924)-\u03b2-<small>D</small>-Glc<em>p</em>NAc-(1\u21922)-[\u03b2-<small>D</small>-Gal<em>p</em>-(1\u21924)-\u03b2-<small>D</small>-Glc<em>p</em>NAc-(1\u21926)]-\u03b1-<small>D</small>-Man<em>p</em>-(1\u21926)]-\u03b2-<small>D</small>-Man<em>p</em>-(1\u21924)-\u03b2-<small>D</small>-Glc<em>p</em>NAc-(1\u21924)-<small>D</small>-Glc<em>p</em>NAc-yl": "*C1O[C@H](CO)[C@@H](O[C@@H]2O[C@H](CO)[C@@H](O[C@@H]3O[C@H](CO[C@H]4O[C@H](CO[C@@H]5O[C@H](CO)[C@@H](O[C@@H]6O[C@H](CO)[C@H](O)[C@H](O)[C@H]6O)[C@H](O)[C@H]5NC(C)=O)[C@@H](O)[C@H](O)[C@@H]4O[C@@H]4O[C@H](CO)[C@@H](O[C@@H]5O[C@H](CO)[C@H](O)[C@H](O)[C@H]5O)[C@H](O)[C@H]4NC(C)=O)[C@@H](O)[C@H](O[C@H]4O[C@H](CO)[C@@H](O)[C@H](O)[C@@H]4O[C@@H]4O[C@H](CO)[C@@H](O[C@@H]5O[C@H](CO[C@]6(C(=O)O)C[C@H](O)[C@@H](NC(C)=O)[C@]([H])([C@H](O)[C@H](O)CO)O6)[C@H](O)[C@H](O)[C@H]5O)[C@H](O)[C@H]4NC(C)=O)[C@@H]3O)[C@H](O)[C@H]2NC(C)=O)[C@H](O)[C@H]1NC(C)=O",
    "\u03b2-<small>D</small>-Gal<em>p</em>-(1\u21924)-\u03b2-<small>D</small>-Glc<em>p</em>NAc-(1\u21922)-[\u03b2-<small>D</small>-Gal<em>p</em>-(1\u21924)-\u03b2-<small>D</small>-Glc<em>p</em>NAc-(1\u21924)]-\u03b1-<small>D</small>-Man<em>p</em>-(1\u21923)-[\u03b2-<small>D</small>-Gal<em>p</em>-(1\u21924)-\u03b2-<small>D</small>-Glc<em>p</em>NAc-(1\u21922)-\u03b1-<small>D</small>-Man<em>p</em>-(1\u21926)]-\u03b2-<small>D</small>-Man<em>p</em>-(1\u21924)-\u03b2-<small>D</small>-Glc<em>p</em>NAc-(1\u21924)-<small>D</small>-Glc<em>p</em>NAc-yl": "*C1O[C@H](CO)[C@@H](O[C@@H]2O[C@H](CO)[C@@H](O[C@@H]3O[C@H](CO[C@H]4O[C@H](CO)[C@@H](O)[C@H](O)[C@@H]4O[C@@H]4O[C@H](CO)[C@@H](O[C@@H]5O[C@H](CO)[C@H](O)[C@H](O)[C@H]5O)[C@H](O)[C@H]4NC(C)=O)[C@@H](O)[C@H](O[C@H]4O[C@H](CO)[C@@H](O[C@@H]5O[C@H](CO)[C@@H](O[C@@H]6O[C@H](CO)[C@H](O)[C@H](O)[C@H]6O)[C@H](O)[C@H]5NC(C)=O)[C@H](O)[C@@H]4O[C@@H]4O[C@H](CO)[C@@H](O[C@@H]5O[C@H](CO)[C@H](O)[C@H](O)[C@H]5O)[C@H](O)[C@H]4NC(C)=O)[C@@H]3O)[C@H](O)[C@H]2NC(C)=O)[C@H](O)[C@H]1NC(C)=O",
    "<em>N</em><small><sup>6</small></sup>-[H<small><sub>2</sub></small>N-NLFQVVHNSYNRPAYSPG-<em>N</em>-{54-amino-7,10,18,21,29,32,40,43,51,54-decaoxo-3,14,25,36,47-pentakis-[5-({2-[\u03b1-<small>L</small>-Rha<em>p</em>-(1\u21923)-\u03b2-<small>D</small>-Glc<em>p</em>O]ethyl}sulfinyl)pentanoyl]-3,6,11,14,17,22,25,28,33,36,39,44,47,50-tetradecaazatetrapentacont-1-yl}]adipamido": "*NCCCCC(=O)NC(=O)CCC(=O)NCCN(CCNC(=O)CCC(=O)NCCN(CCNC(=O)CCC(=O)NCCN(CCNC(=O)CCC(=O)NCCN(CCNC(=O)CCC(=O)NCCN(CCNC(=O)CNC(=O)[C@@H]1CCCN1C(=O)[C@H](CO)NC(=O)[C@H](Cc1ccc(O)cc1)NC(=O)[C@H](C)NC(=O)[C@@H]1CCCN1C(=O)[C@H](CCCNC(=N)N)NC(=O)[C@H](CC(N)=O)NC(=O)[C@H](Cc1ccc(O)cc1)NC(=O)[C@H](CO)NC(=O)[C@H](CC(N)=O)NC(=O)[C@H](Cc1cncn1)NC(=O)[C@@H](NC(=O)[C@@H](NC(=O)[C@H](CCC(N)=O)NC(=O)[C@H](Cc1ccccc1)NC(=O)[C@H](CC(C)C)NC(=O)[C@@H](N)CC(N)=O)C(C)C)C(C)C)C(=O)CCCCS(=O)CCO[C@@H]1O[C@H](CO)[C@@H](O)[C@H](O[C@@H]2O[C@@H](C)[C@H](O)[C@@H](O)[C@H]2O)[C@H]1O)C(=O)CCCCS(=O)CCO[C@@H]1O[C@H](CO)[C@@H](O)[C@H](O[C@@H]2O[C@@H](C)[C@H](O)[C@@H](O)[C@H]2O)[C@H]1O)C(=O)CCCCS(=O)CCO[C@@H]1O[C@H](CO)[C@@H](O)[C@H](O[C@@H]2O[C@@H](C)[C@H](O)[C@@H](O)[C@H]2O)[C@H]1O)C(=O)CCCCS(=O)CCO[C@@H]1O[C@H](CO)[C@@H](O)[C@H](O[C@@H]2O[C@@H](C)[C@H](O)[C@@H](O)[C@H]2O)[C@H]1O)C(=O)CCCCS(=O)CCO[C@@H]1O[C@H](CO)[C@@H](O)[C@H](O[C@@H]2O[C@@H](C)[C@H](O)[C@@H](O)[C@H]2O)[C@H]1O",
    "\u21923)-\u03b2-<small>D</small>-Gal<em>p</em>-(1\u21923)-\u03b2-<small>D</small>-Gal<em>p</em>NAc-(1\u21924)-[\u03b1-Neu<em>p</em>5Ac-(2\u21928)-\u03b1-Neu<em>p</em>5Ac-(2\u21928)-\u03b1-Neu<em>p</em>5Ac-(2\u21923)]-\u03b2-<small>D</small>-Gal<em>p</em>-yl": "*O[C@H]1[C@@H](O)[C@@H](CO)O[C@@H](O[C@H]2[C@@H](O)[C@@H](CO)O[C@@H](O[C@@H]3[C@H](O[C@]4(C(=O)O)C[C@H](O)[C@@H](NC(C)=O)[C@]([H])([C@H](O)[C@@H](CO)O[C@]5(C(=O)O)C[C@H](O)[C@@H](NC(C)=O)[C@]([H])([C@H](O)[C@@H](CO)O[C@]6(C(=O)O)C[C@H](O)[C@@H](NC(C)=O)[C@]([H])([C@H](O)[C@H](O)CO)O6)O5)O4)[C@@H](O)[C@H](*)O[C@@H]3CO)[C@@H]2NC(C)=O)[C@@H]1O",
    "<em>P</em>-{\u03b1-<small>D</small>-Glc<em>p</em>NAc-(1\u21923)-[<small>D</small>-GroA-(2\u21921)]-\u03b1-<small>D</small>-Glc<em>p</em>NAc-6-yl}-\u03b1-<small>D</small>-Glc<em>p</em>NAc-(1\u21923)-[<small>D</small>-GroA-(2\u21921)]-\u03b1-<small>D</small>-Glc<em>p</em>NAc-<em>P</em>-6-[CH<small><sub>2</sub></small>]<small><sub>5</sub></small>NHC(=O)[CH<small><sub>2</sub></small>]<small><sub>4</sub></small>C(=O)NHR": "*NC(=O)CCCCC(=O)NCCCCCOP(=O)(O)OC[C@H]1O[C@H](O[C@H](CO)C(=O)O)[C@H](NC(C)=O)[C@@H](O[C@H]2O[C@H](COP(=O)(O)OC[C@H]3O[C@H](O[C@H](CO)C(=O)O)[C@H](NC(C)=O)[C@@H](O[C@H]4O[C@H](CO)[C@@H](O)[C@H](O)[C@H]4NC(C)=O)[C@@H]3O)[C@@H](O)[C@H](O)[C@H]2NC(C)=O)[C@@H]1O",
    "\u03b1-<small>D</small>-Rha<em>p</em>4NFo-(1\u21922)-\u03b1-<small>D</small>-Rha<em>p</em>4NFo-(1\u21922)-\u03b1-<small>D</small>-Rha<em>p</em>4NFo-(1\u21922)-\u03b1-<small>D</small>-Rha<em>p</em>4NFo-(1\u21922)-\u03b1-<small>D</small>-Rha<em>p</em>4NFo-(1\u21922)-\u03b1-<small>D</small>-Rha<em>p</em>4NFo-yl": "*[C@H]1O[C@H](C)[C@@H](NC([H])=O)[C@H](O)[C@@H]1O[C@H]1O[C@H](C)[C@@H](NC([H])=O)[C@H](O)[C@@H]1O[C@H]1O[C@H](C)[C@@H](NC([H])=O)[C@H](O)[C@@H]1O[C@H]1O[C@H](C)[C@@H](NC([H])=O)[C@H](O)[C@@H]1O[C@H]1O[C@H](C)[C@@H](NC([H])=O)[C@H](O)[C@@H]1O[C@H]1O[C@H](C)[C@@H](NC([H])=O)[C@H](O)[C@@H]1O",
    "\u03b1-<small>D</small>-Rha<em>p</em>4NFo-(1\u21922)-\u03b1-<small>D</small>-Rha<em>p</em>4NFo-(1\u21923)-\u03b1-<small>D</small>-Rha<em>p</em>4NFo-(1\u21922)-\u03b1-<small>D</small>-Rha<em>p</em>4NFo-(1\u21922)-\u03b1-<small>D</small>-Rha<em>p</em>4NFo-yl": "*[C@H]1O[C@H](C)[C@@H](NC([H])=O)[C@H](O)[C@@H]1O[C@H]1O[C@H](C)[C@@H](NC([H])=O)[C@H](O)[C@@H]1O[C@H]1O[C@H](C)[C@@H](NC([H])=O)[C@H](O[C@H]2O[C@H](C)[C@@H](NC([H])=O)[C@H](O)[C@@H]2O[C@H]2O[C@H](C)[C@@H](NC([H])=O)[C@H](O)[C@@H]2O)[C@@H]1O",
    "\u03b1-<small>D</small>-Man<em>p</em>-(1\u21923)-[\u03b1-<small>D</small>-Man<em>p</em>-(1\u21926)]-\u03b2-<small>D</small>-Man<em>p</em>-(1\u21924)-\u03b2-<small>D</small>-Glc<em>p</em>NAc-(1\u21924)-\u03b2-<small>D</small>-Glc<em>p</em>NAc-yl": "*[C@@H]1O[C@H](CO)[C@@H](O[C@@H]2O[C@H](CO)[C@@H](O[C@@H]3O[C@H](CO[C@H]4O[C@H](CO)[C@@H](O)[C@H](O)[C@@H]4O)[C@@H](O)[C@H](O[C@H]4O[C@H](CO)[C@@H](O)[C@H](O)[C@@H]4O)[C@@H]3O)[C@H](O)[C@H]2NC(C)=O)[C@H](O)[C@H]1NC(C)=O",
    "\u03b1-<small>D</small>-Man<em>p</em>-(1\u21922)-\u03b1-<small>D</small>-Man<em>p</em>-(1\u21922)-\u03b1-<small>D</small>-Man<em>p</em>-(1\u21923)-[\u03b1-<small>D</small>-Man<em>p</em>-(1\u21922)-\u03b1-<small>D</small>-Man<em>p</em>-(1\u21923)-[\u03b1-<small>D</small>-Man<em>p</em>-(1\u21922)-\u03b1-<small>D</small>-Man<em>p</em>-(1\u21926)]-\u03b1-<small>D</small>-Man<em>p</em>-(1\u21926)]-\u03b2-<small>D</small>-Man<em>p</em>-(1\u21924)-\u03b2-<small>D</small>-Glc<em>p</em>NAc-(1\u21924)-\u03b2-<small>D</small>-Glc<em>p</em>NAc-yl": "*[C@@H]1O[C@H](CO)[C@@H](O[C@@H]2O[C@H](CO)[C@@H](O[C@@H]3O[C@H](CO[C@H]4O[C@H](CO[C@H]5O[C@H](CO)[C@@H](O)[C@H](O)[C@@H]5O[C@H]5O[C@H](CO)[C@@H](O)[C@H](O)[C@@H]5O)[C@@H](O)[C@H](O[C@H]5O[C@H](CO)[C@@H](O)[C@H](O)[C@@H]5O[C@H]5O[C@H](CO)[C@@H](O)[C@H](O)[C@@H]5O)[C@@H]4O)[C@@H](O)[C@H](O[C@H]4O[C@H](CO)[C@@H](O)[C@H](O)[C@@H]4O[C@H]4O[C@H](CO)[C@@H](O)[C@H](O)[C@@H]4O[C@H]4O[C@H](CO)[C@@H](O)[C@H](O)[C@@H]4O)[C@@H]3O)[C@H](O)[C@H]2NC(C)=O)[C@H](O)[C@H]1NC(C)=O",
    "\u03b1-<small>D</small>-Ara-(1\u21925)-[\u03b1-<small>D</small>-Ara-(1\u21925)-\u03b1-<small>D</small>-Ara-(1\u21923)]-\u03b1-<small>D</small>-Ara-(1\u21925)-\u03b1-<small>D</small>-Ara-(1\u21925)-\u03b1-<small>D</small>-Ara-(1\u21922)-[\u03b1-<small>D</small>-Man-(1\u21926)]-\u03b1-<small>D</small>-Man-(1\u21926)-[\u03b1-<small>D</small>-Man-(1\u21922)]-\u03b1-<small>D</small>-Man-(1\u21926)-\u03b1-<small>D</small>-Man-(1\u21926)-\u03b1-<small>D</small>-Man-yl": "*[C@H]1O[C@H](CO[C@H]2O[C@H](CO[C@H]3O[C@H](CO[C@H]4O[C@H](CO[C@H]5O[C@H](CO)[C@@H](O)[C@H](O)[C@@H]5O)[C@@H](O)[C@H](O)[C@@H]4O[C@H]4O[C@H](CO[C@H]5O[C@H](CO[C@H]6O[C@H](CO[C@H]7O[C@H](CO)[C@@H](O)[C@@H]7O)[C@@H](O[C@H]7O[C@H](CO[C@H]8O[C@H](CO)[C@@H](O)[C@@H]8O)[C@@H](O)[C@@H]7O)[C@@H]6O)[C@@H](O)[C@@H]5O)[C@@H](O)[C@@H]4O)[C@@H](O)[C@H](O)[C@@H]3O[C@H]3O[C@H](CO)[C@@H](O)[C@H](O)[C@@H]3O)[C@@H](O)[C@H](O)[C@@H]2O)[C@@H](O)[C@H](O)[C@@H]1O",
    "\u03b1-<small>D</small>-Man<em>p</em>-(1\u21923)-[\u03b1-<small>D</small>-Man<em>p</em>-(1\u21923)-[\u03b1-<small>D</small>-Man<em>p</em>-(1\u21926)]-\u03b1-<small>D</small>-Man<em>p</em>-(1\u21926)]-\u03b2-<small>D</small>-Man<em>p</em>-(1\u21924)-\u03b2-<small>D</small>-Glc<em>p</em>NAc-(1\u21924)-\u03b2-<small>D</small>-Glc<em>p</em>NAc-yl": "*[C@@H]1O[C@H](CO)[C@@H](O[C@@H]2O[C@H](CO)[C@@H](O[C@@H]3O[C@H](CO[C@H]4O[C@H](CO[C@H]5O[C@H](CO)[C@@H](O)[C@H](O)[C@@H]5O)[C@@H](O)[C@H](O[C@H]5O[C@H](CO)[C@@H](O)[C@H](O)[C@@H]5O)[C@@H]4O)[C@@H](O)[C@H](O[C@H]4O[C@H](CO)[C@@H](O)[C@H](O)[C@@H]4O)[C@@H]3O)[C@H](O)[C@H]2NC(C)=O)[C@H](O)[C@H]1NC(C)=O",
    "\u03b1-<small>D</small>-Man<em>p</em>-(1\u21923)-[\u03b1-<small>D</small>-Man<em>p</em>-(1\u21926)]-\u03b1-<small>D</small>-Man<em>p</em>-(1\u21923)-[\u03b1-<small>D</small>-Man<em>p</em>-(1\u21926)]-\u03b2-<small>D</small>-Man<em>p</em>-(1\u21924)-\u03b2-<small>D</small>-Glc<em>p</em>NAc-(1\u21924)-\u03b2-<small>D</small>-Glc<em>p</em>NAc-yl": "*[C@@H]1O[C@H](CO)[C@@H](O[C@@H]2O[C@H](CO)[C@@H](O[C@@H]3O[C@H](CO[C@H]4O[C@H](CO)[C@@H](O)[C@H](O)[C@@H]4O)[C@@H](O)[C@H](O[C@H]4O[C@H](CO[C@H]5O[C@H](CO)[C@@H](O)[C@H](O)[C@@H]5O)[C@@H](O)[C@H](O[C@H]5O[C@H](CO)[C@@H](O)[C@H](O)[C@@H]5O)[C@@H]4O)[C@@H]3O)[C@H](O)[C@H]2NC(C)=O)[C@H](O)[C@H]1NC(C)=O",
    "\u03b1-<small>D</small>-Man<em>p</em>-(1\u21922)-\u03b1-<small>D</small>-Man<em>p</em>-(1\u21923)-[\u03b1-<small>D</small>-Man<em>p</em>-(1\u21923)-\u03b1-<small>D</small>-Man<em>p</em>-(1\u21926)]-\u03b2-<small>D</small>-Man<em>p</em>-(1\u21924)-\u03b2-<small>D</small>-Glc<em>p</em>NAc-(1\u21924)-\u03b2-<small>D</small>-Glc<em>p</em>NAc-yl": "*[C@@H]1O[C@H](CO)[C@@H](O[C@@H]2O[C@H](CO)[C@@H](O[C@@H]3O[C@H](CO[C@H]4O[C@H](CO)[C@@H](O)[C@H](O[C@H]5O[C@H](CO)[C@@H](O)[C@H](O)[C@@H]5O)[C@@H]4O)[C@@H](O)[C@H](O[C@H]4O[C@H](CO)[C@@H](O)[C@H](O)[C@@H]4O[C@H]4O[C@H](CO)[C@@H](O)[C@H](O)[C@@H]4O)[C@@H]3O)[C@H](O)[C@H]2NC(C)=O)[C@H](O)[C@H]1NC(C)=O",
    "\u03b1-<small>D</small>-Man<em>p</em>-(1\u21923)-\u03b1-<small>D</small>-Man<em>p</em>-(1\u21923)-[\u03b1-<small>D</small>-Man<em>p</em>-(1\u21923)-\u03b1-<small>D</small>-Man<em>p</em>-(1\u21926)]-\u03b2-<small>D</small>-Man<em>p</em>-(1\u21924)-\u03b2-<small>D</small>-Glc<em>p</em>NAc-(1\u21924)-\u03b2-<small>D</small>-Glc<em>p</em>NAc-yl": "[1*][C@@H]1O[C@H](CO)[C@@H](O[C@@H]2O[C@H](CO)[C@@H](O[C@@H]3O[C@H](CO[C@H]4O[C@H](CO)[C@@H](O)[C@H](O[C@H]5O[C@H](CO)[C@@H](O)[C@H](O)[C@@H]5O)[C@@H]4O)[C@@H](O)[C@H](O[C@H]4O[C@H](CO)[C@@H](O)[C@H](O[C@H]5O[C@H](CO)[C@@H](O)[C@H](O)[C@@H]5O)[C@@H]4O)[C@@H]3O)[C@H](O)[C@H]2NC(C)=O)[C@H](O)[C@H]1NC(C)=O",
    "\u03b1-<small>D</small>-Man<em>p</em>-(1\u21922)-\u03b1-<small>D</small>-Man<em>p</em>-(1\u21922)-\u03b1-<small>D</small>-Man<em>p</em>-(1\u21923)-[\u03b1-<small>D</small>-Man<em>p</em>-(1\u21923)-[\u03b1-<small>D</small>-Man<em>p</em>-(1\u21926)]-\u03b1-<small>D</small>-Man<em>p</em>-(1\u21926)]-\u03b2-<small>D</small>-Man<em>p</em>-(1\u21924)-\u03b2-<small>D</small>-Glc<em>p</em>NAc-(1\u21924)-\u03b2-<small>D</small>-Glc<em>p</em>NAc-yl": "[1*][C@@H]1O[C@H](CO)[C@@H](O[C@@H]2O[C@H](CO)[C@@H](O[C@@H]3O[C@H](CO[C@H]4O[C@H](CO[C@H]5O[C@H](CO)[C@@H](O)[C@H](O)[C@@H]5O)[C@@H](O)[C@H](O[C@H]5O[C@H](CO)[C@@H](O)[C@H](O)[C@@H]5O)[C@@H]4O)[C@@H](O)[C@H](O[C@H]4O[C@H](CO)[C@@H](O)[C@H](O)[C@@H]4O[C@H]4O[C@H](CO)[C@@H](O)[C@H](O)[C@@H]4O[C@H]4O[C@H](CO)[C@@H](O)[C@H](O)[C@@H]4O)[C@@H]3O)[C@H](O)[C@H]2NC(C)=O)[C@H](O)[C@H]1NC(C)=O",
    "\u03b1-<small>D</small>-Man<em>p</em>-(1\u21922)-\u03b1-<small>D</small>-Man<em>p</em>-(1\u21926)-[\u03b1-<small>D</small>-Man<em>p</em>-(1\u21923)]-\u03b1-<small>D</small>-Man<em>p</em>-(1\u21926)-[\u03b1-<small>D</small>-Man<em>p</em>-(1\u21922)-\u03b1-<small>D</small>-Man<em>p</em>-(1\u21923)]-\u03b2-<small>D</small>-Man<em>p</em>-(1\u21924)-\u03b2-<small>D</small>-Glc<em>p</em>NAc-(1\u21924)-\u03b2-<small>D</small>-Glc<em>p</em>NAc-yl": "[1*][C@@H]1O[C@H](CO)[C@@H](O[C@@H]2O[C@H](CO)[C@@H](O[C@@H]3O[C@H](CO[C@H]4O[C@H](CO[C@H]5O[C@H](CO)[C@@H](O)[C@H](O)[C@@H]5O[C@H]5O[C@H](CO)[C@@H](O)[C@H](O)[C@@H]5O)[C@@H](O)[C@H](O[C@H]5O[C@H](CO)[C@@H](O)[C@H](O)[C@@H]5O)[C@@H]4O)[C@@H](O)[C@H](O[C@H]4O[C@H](CO)[C@@H](O)[C@H](O)[C@@H]4O[C@H]4O[C@H](CO)[C@@H](O)[C@H](O)[C@@H]4O)[C@@H]3O)[C@H](O)[C@H]2NC(C)=O)[C@H](O)[C@H]1NC(C)=O",
    "\u03b1-<small>D</small>-Man<em>p</em>-(1\u21922)-\u03b1-<small>D</small>-Man<em>p</em>-(1\u21923)-\u03b1-<small>D</small>-Man<em>p</em>-(1\u21926)-[\u03b1-<small>D</small>-Man<em>p</em>-(1\u21922)-\u03b1-<small>D</small>-Man<em>p</em>-(1\u21922)-\u03b1-<small>D</small>-Man<em>p</em>-(1\u21923)]-\u03b2-<small>D</small>-Man<em>p</em>-(1\u21924)-\u03b2-<small>D</small>-Glc<em>p</em>NAc-(1\u21924)-\u03b2-<small>D</small>-Glc<em>p</em>NAc-yl": "[1*][C@@H]1O[C@H](CO)[C@@H](O[C@@H]2O[C@H](CO)[C@@H](O[C@@H]3O[C@H](CO[C@H]4O[C@H](CO)[C@@H](O)[C@H](O[C@H]5O[C@H](CO)[C@@H](O)[C@H](O)[C@@H]5O[C@H]5O[C@H](CO)[C@@H](O)[C@H](O)[C@@H]5O)[C@@H]4O)[C@@H](O)[C@H](O[C@H]4O[C@H](CO)[C@@H](O)[C@H](O)[C@@H]4O[C@H]4O[C@H](CO)[C@@H](O)[C@H](O)[C@@H]4O[C@H]4O[C@H](CO)[C@@H](O)[C@H](O)[C@@H]4O)[C@@H]3O)[C@H](O)[C@H]2NC(C)=O)[C@H](O)[C@H]1NC(C)=O",
    "\u03b1-<small>D</small>-Man<em>p</em>-(1\u21922)-\u03b1-<small>D</small>-Man<em>p</em>-(1\u21923)-[\u03b1-<small>D</small>-Man<em>p</em>-(1\u21922)-\u03b1-<small>D</small>-Man<em>p</em>-(1\u21926)]-\u03b1-<small>D</small>-Man<em>p</em>-(1\u21926)-[\u03b1-<small>D</small>-Man<em>p</em>-(1\u21923)]-\u03b2-<small>D</small>-Man<em>p</em>-(1\u21924)-\u03b2-<small>D</small>-Glc<em>p</em>NAc-(1\u21924)-\u03b2-<small>D</small>-Glc<em>p</em>NAc-yl": "[1*][C@@H]1O[C@H](CO)[C@@H](O[C@@H]2O[C@H](CO)[C@@H](O[C@@H]3O[C@H](CO[C@H]4O[C@H](CO[C@H]5O[C@H](CO)[C@@H](O)[C@H](O)[C@@H]5O[C@H]5O[C@H](CO)[C@@H](O)[C@H](O)[C@@H]5O)[C@@H](O)[C@H](O[C@H]5O[C@H](CO)[C@@H](O)[C@H](O)[C@@H]5O[C@H]5O[C@H](CO)[C@@H](O)[C@H](O)[C@@H]5O)[C@@H]4O)[C@@H](O)[C@H](O[C@H]4O[C@H](CO)[C@@H](O)[C@H](O)[C@@H]4O)[C@@H]3O)[C@H](O)[C@H]2NC(C)=O)[C@H](O)[C@H]1NC(C)=O",
    "\u03b1-<small>D</small>-Man<em>p</em>-(1\u21922)-\u03b1-<small>D</small>-Man<em>p</em>-(1\u21923)-[\u03b1-<small>D</small>-Man<em>p</em>-(1\u21926)-[\u03b1-<small>D</small>-Man<em>p</em>-(1\u21922)-\u03b1-<small>D</small>-Man<em>p</em>-(1\u21923)]-\u03b1-<small>D</small>-Man<em>p</em>-(1\u21926)]-\u03b2-<small>D</small>-Man<em>p</em>-(1\u21924)-\u03b2-<small>D</small>-Glc<em>p</em>NAc-(1\u21924)-\u03b2-<small>D</small>-Glc<em>p</em>NAc-yl": "[1*][C@@H]1O[C@H](CO)[C@@H](O[C@@H]2O[C@H](CO)[C@@H](O[C@@H]3O[C@H](CO[C@H]4O[C@H](CO[C@H]5O[C@H](CO)[C@@H](O)[C@H](O)[C@@H]5O)[C@@H](O)[C@H](O[C@H]5O[C@H](CO)[C@@H](O)[C@H](O)[C@@H]5O[C@H]5O[C@H](CO)[C@@H](O)[C@H](O)[C@@H]5O)[C@@H]4O)[C@@H](O)[C@H](O[C@H]4O[C@H](CO)[C@@H](O)[C@H](O)[C@@H]4O[C@H]4O[C@H](CO)[C@@H](O)[C@H](O)[C@@H]4O)[C@@H]3O)[C@H](O)[C@H]2NC(C)=O)[C@H](O)[C@H]1NC(C)=O",
    "\u03b1-<small>D</small>-Man<em>p</em>-(1\u21922)-\u03b1-<small>D</small>-Man<em>p</em>-(1\u21922)-[\u03b1-<small>D</small>-Man<em>p</em>-(1\u21926)]-\u03b1-<small>D</small>-Man<em>p</em>-(1\u21923)-[\u03b1-<small>D</small>-Man<em>p</em>-(1\u21926)-\u03b1-<small>D</small>-Man<em>p</em>-(1\u21926)]-\u03b2-<small>D</small>-Man<em>p</em>-(1\u21924)-\u03b2-<small>D</small>-Glc<em>p</em>NAc-(1\u21924)-\u03b2-<small>D</small>-Glc<em>p</em>NAc-yl": "[1*][C@@H]1O[C@H](CO)[C@@H](O[C@@H]2O[C@H](CO)[C@@H](O[C@@H]3O[C@H](CO[C@H]4O[C@H](CO[C@H]5O[C@H](CO)[C@@H](O)[C@H](O)[C@@H]5O)[C@@H](O)[C@H](O)[C@@H]4O)[C@@H](O)[C@H](O[C@H]4O[C@H](CO[C@H]5O[C@H](CO)[C@@H](O)[C@H](O)[C@@H]5O)[C@@H](O)[C@H](O)[C@@H]4O[C@H]4O[C@H](CO)[C@@H](O)[C@H](O)[C@@H]4O[C@H]4O[C@H](CO)[C@@H](O)[C@H](O)[C@@H]4O)[C@@H]3O)[C@H](O)[C@H]2NC(C)=O)[C@H](O)[C@H]1NC(C)=O",
    "\u03b1-<small>D</small>-Man<em>p</em>-(1\u21922)-\u03b1-<small>D</small>-Man<em>p</em>-(1\u21923)-[\u03b1-<small>D</small>-Man<em>p</em>-(1\u21922)-\u03b1-<small>D</small>-Man<em>p</em>-(1\u21926)]-\u03b1-<small>D</small>-Man<em>p</em>-(1\u21926)-[\u03b1-<small>D</small>-Man<em>p</em>-(1\u21922)-\u03b1-<small>D</small>-Man<em>p</em>-(1\u21922)-\u03b1-<small>D</small>-Man<em>p</em>-(1\u21923)]-\u03b2-<small>D</small>-Man<em>p</em>-(1\u21924)-\u03b2-<small>D</small>-Glc<em>p</em>NAc-(1\u21924)-\u03b2-<small>D</small>-Glc<em>p</em>NAc-yl": "[1*][C@@H]1O[C@H](CO)[C@@H](O[C@@H]2O[C@H](CO)[C@@H](O[C@@H]3O[C@H](CO[C@H]4O[C@H](CO[C@H]5O[C@H](CO)[C@@H](O)[C@H](O)[C@@H]5O[C@H]5O[C@H](CO)[C@@H](O)[C@H](O)[C@@H]5O)[C@@H](O)[C@H](O[C@H]5O[C@H](CO)[C@@H](O)[C@H](O)[C@@H]5O[C@H]5O[C@H](CO)[C@@H](O)[C@H](O)[C@@H]5O)[C@@H]4O)[C@@H](O)[C@H](O[C@H]4O[C@H](CO)[C@@H](O)[C@H](O)[C@@H]4O[C@H]4O[C@H](CO)[C@@H](O)[C@H](O)[C@@H]4O[C@H]4C[C@H](CO)[C@@H](O)[C@H](O)[C@@H]4O)[C@@H]3O)[C@H](O)[C@H]2NC(C)=O)[C@H](O)[C@H]1NC(C)=O",
    "\u03b1-<small>D</small>-Man<em>p</em>-(1\u21922)-\u03b1-<small>D</small>-Man<em>p</em>-(1\u21922)-[\u03b1-<small>D</small>-Man<em>p</em>-(1\u21926)]-\u03b1-<small>D</small>-Man<em>p</em>-(1\u21923)-[\u03b1-<small>D</small>-Man<em>p</em>-(1\u21922)-\u03b1-<small>D</small>-Man<em>p</em>-(1\u21926)-[\u03b1-<small>D</small>-Man<em>p</em>-(1\u21923)]-\u03b1-<small>D</small>-Man<em>p</em>-(1\u21926)]-\u03b2-<small>D</small>-Man<em>p</em>-(1\u21924)-\u03b2-<small>D</small>-Glc<em>p</em>NAc-(1\u21924)-\u03b2-<small>D</small>-Glc<em>p</em>NAc-yl": "[1*][C@@H]1O[C@H](CO)[C@@H](O[C@@H]2O[C@H](CO)[C@@H](O[C@@H]3O[C@H](CO[C@H]4O[C@H](CO[C@H]5O[C@H](CO)[C@@H](O)[C@H](O)[C@@H]5O[C@H]5O[C@H](CO)[C@@H](O)[C@H](O)[C@@H]5O)[C@@H](O)[C@H](O[C@H]5O[C@H](CO)[C@@H](O)[C@H](O)[C@@H]5O)[C@@H]4O)[C@@H](O)[C@H](O[C@H]4O[C@H](CO[C@H]5O[C@H](CO)[C@@H](O)[C@H](O)[C@@H]5O)[C@@H](O)[C@H](O)[C@@H]4O[C@H]4O[C@H](CO)[C@@H](O)[C@H](O)[C@@H]4O[C@H]4C[C@H](CO)[C@@H](O)[C@H](O)[C@@H]4O)[C@@H]3O)[C@H](O)[C@H]2NC(C)=O)[C@H](O)[C@H]1NC(C)=O",
    "\u03b2-<small>D</small>-GlcNAc-(1\u21922)-\u03b1-<small>D</small>-Man-(1\u21923)-[\u03b2-<small>D</small>-Gal-(1\u21924)-\u03b2-<small>D</small>-GlcNAc-(1\u21922)-\u03b1-<small>D</small>-Man-(1\u21926)]-\u03b2-<small>D</small>-Man-(1\u21924)-\u03b2-<small>D</small>-GlcNAcl-(1\u21924)-\u03b2-<small>D</small>-GlcNAc-yl": "*[C@@H]1O[C@H](CO)[C@@H](O[C@@H]2O[C@H](CO)[C@@H](O[C@@H]3O[C@H](CO[C@H]4O[C@H](CO)[C@@H](O)[C@H](O)[C@@H]4O[C@@H]4O[C@H](CO)[C@@H](O[C@@H]5O[C@H](CO)[C@H](O)[C@H](O)[C@H]5O)[C@H](O)[C@H]4NC(C)=O)[C@@H](O)[C@H](O[C@H]4O[C@H](CO)[C@@H](O)[C@H](O)[C@@H]4O[C@@H]4O[C@H](CO)[C@@H](O)[C@H](O)[C@H]4NC(C)=O)[C@@H]3O)[C@H](O)[C@H]2NC(C)=O)[C@H](O)[C@H]1NC(C)=O",
    "\u03b2-<small>D</small>-GlcNAc-(1\u21923)-\u03b2-<small>D</small>-Gal-(1\u21924)-\u03b2-<small>D</small>-GlcNAc-(1\u21922)-\u03b1-<small>D</small>-Man-(1\u21926)-[\u03b2-<small>D</small>-GlcNAc-(1\u21922)-\u03b1-<small>D</small>-Man-(1\u21923)]-\u03b2-<small>D</small>-Man-(1\u21924)-\u03b2-<small>D</small>-GlcNAc-(1\u21924)-\u03b2-<small>D</small>-GlcNAc-yl": "*[C@@H]1O[C@H](CO)[C@@H](O[C@@H]2O[C@H](CO)[C@@H](O[C@@H]3O[C@H](CO[C@H]4O[C@H](CO)[C@@H](O)[C@H](O)[C@@H]4O[C@@H]4O[C@H](CO)[C@@H](O[C@@H]5O[C@H](CO)[C@H](O)[C@H](O[C@@H]6O[C@H](CO)[C@@H](O)[C@H](O)[C@H]6NC(C)=O)[C@H]5O)[C@H](O)[C@H]4NC(C)=O)[C@@H](O)[C@H](O[C@H]4O[C@H](CO)[C@@H](O)[C@H](O)[C@@H]4O[C@@H]4O[C@H](CO)[C@@H](O)[C@H](O)[C@H]4NC(C)=O)[C@@H]3O)[C@H](O)[C@H]2NC(C)=O)[C@H](O)[C@H]1NC(C)=O",
    "\u03b2-<small>D</small>-GlcNAc-(1\u21922)-\u03b1-<small>D</small>-Man-(1\u21923)-[\u03b2-<small>D</small>-Gal-(1\u21924)-\u03b2-<small>D</small>-GlcNAc-(1\u21923)-\u03b2-<small>D</small>-Gal-(1\u21924)-\u03b2-<small>D</small>-GlcNAc-(1\u21922)-\u03b1-<small>D</small>-Man-(1\u21926)]-\u03b2-<small>D</small>-Man-(1\u21924)-\u03b2-<small>D</small>-GlcNAc-(1\u21924)-\u03b2-<small>D</small>-GlcNAc-yl": "*[C@@H]1O[C@H](CO)[C@@H](O[C@@H]2O[C@H](CO)[C@@H](O[C@@H]3O[C@H](CO[C@H]4O[C@H](CO)[C@@H](O)[C@H](O)[C@@H]4O[C@@H]4O[C@H](CO)[C@@H](O[C@@H]5O[C@H](CO)[C@H](O)[C@H](O[C@@H]6O[C@H](CO)[C@@H](O[C@@H]7O[C@H](CO)[C@H](O)[C@H](O)[C@H]7O)[C@H](O)[C@H]6NC(C)=O)[C@H]5O)[C@H](O)[C@H]4NC(C)=O)[C@@H](O)[C@H](O[C@H]4O[C@H](CO)[C@@H](O)[C@H](O)[C@@H]4O[C@@H]4O[C@H](CO)[C@@H](O)[C@H](O)[C@H]4NC(C)=O)[C@@H]3O)[C@H](O)[C@H]2NC(C)=O)[C@H](O)[C@H]1NC(C)=O",
    "\u03b2-<small>D</small>-Gal-(1\u21924)-\u03b2-<small>D</small>-GlcNAc-(1\u21922)-\u03b1-<small>D</small>-Man-(1\u21923)-[\u03b2-<small>D</small>-Gal-(1\u21924)-\u03b2-<small>D</small>-GlcNAc-(1\u21923)-\u03b2-<small>D</small>-Gal-(1\u21924)-\u03b2-<small>D</small>-GlcNAc-(1\u21922)-\u03b1-<small>D</small>-Man-(1\u21926)]-\u03b2-<small>D</small>-Man-(1\u21924)-\u03b2-<small>D</small>-GlcNAc-(1\u21924)-\u03b2-<small>D</small>-GlcNAc-yl": "*[C@@H]1O[C@H](CO)[C@@H](O[C@@H]2O[C@H](CO[C@H]3O[C@H](CO)[C@@H](O)[C@H](O)[C@@H]3O[C@@H]3O[C@H](CO)[C@@H](O[C@@H]4O[C@H](CO)[C@H](O)[C@H](O[C@@H]5O[C@H](CO)[C@@H](O[C@@H]6O[C@H](CO)[C@H](O)[C@H](O)[C@H]6O)[C@H](O)[C@H]5NC(C)=O)[C@H]4O)[C@H](O)[C@H]3NC(C)=O)[C@@H](O)[C@H](O[C@H]3O[C@H](CO)[C@@H](O)[C@H](O)[C@@H]3O[C@@H]3O[C@H](CO)[C@@H](O[C@@H]4O[C@H](CO)[C@H](O)[C@H](O)[C@H]4O)[C@H](O)[C@H]3NC(C)=O)[C@@H]2O)[C@H](O)[C@H]1NC(C)=O",
    "\u03b1-NeuNAc-(2\u21923)-\u03b2-<small>D</small>-Gal-(1\u21924)-\u03b2-<small>D</small>-GlcNAc-(1\u21922)-\u03b1-<small>D</small>-Man-(1\u21923)-[\u03b2-<small>D</small>-Gal-(1\u21924)-\u03b2-<small>D</small>-GlcNAc-(1\u21923)-\u03b2-<small>D</small>-Gal-(1\u21924)-\u03b2-<small>D</small>-GlcNAc-(1\u21922)-\u03b1-<small>D</small>-Man-(1\u21926)]-\u03b2-<small>D</small>-Man-(1\u21924)-\u03b2-<small>D</small>-GlcNAc-(1\u21924)-\u03b2-<small>D</small>-GlcNAc-yl": "*[C@@H]1O[C@H](CO)[C@@H](O[C@@H]2O[C@H](CO[C@H]3O[C@H](CO)[C@@H](O)[C@H](O)[C@@H]3O[C@@H]3O[C@H](CO)[C@@H](O[C@@H]4O[C@H](CO)[C@H](O)[C@H](O[C@@H]5O[C@H](CO)[C@@H](O[C@@H]6O[C@H](CO)[C@H](O)[C@H](O)[C@H]6O)[C@H](O)[C@H]5NC(C)=O)[C@H]4O)[C@H](O)[C@H]3NC(C)=O)[C@@H](O)[C@H](O[C@H]3O[C@H](CO)[C@@H](O)[C@H](O)[C@@H]3O[C@@H]3O[C@H](CO)[C@@H](O[C@@H]4O[C@H](CO)[C@H](O)[C@H](O[C@]5(C(=O)O)C[C@H](O)[C@@H](NC(C)=O)[C@]([H])([C@H](O)[C@H](O)CO)O5)[C@H]4O)[C@H](O)[C@H]3NC(C)=O)[C@@H]2O)[C@H](O)[C@H]1NC(C)=O",
    "\u03b2-<small>D</small>-GalNAc-(1\u21924)-\u03b2-<small>D</small>-GlcA-(1\u21923)-\u03b2-<small>D</small>-GalNAc4,6S<small><sub>2</sub></small>-(1\u21924)-\u03b2-<small>D</small>-GlcA-(1\u21923)-\u03b2-<small>D</small>-Gal-(1\u21923)-\u03b2-<small>D</small>-Gal-(1\u21924)-\u03b2-<small>D</small>-Xyl-yl": "*[C@@H]1OC[C@@H](O[C@@H]2O[C@H](CO)[C@H](O)[C@H](O[C@@H]3O[C@H](CO)[C@H](O)[C@H](O[C@@H]4O[C@H](C(=O)O)[C@@H](O[C@@H]5O[C@H](COS(=O)(=O)O)[C@H](OS(=O)(=O)O)[C@H](O[C@@H]6O[C@H](C(=O)O)[C@@H](O[C@@H]7O[C@H](CO)[C@H](O)[C@H](O)[C@H]7NC(C)=O)[C@H](O)[C@H]6O)[C@H]5NC(C)=O)[C@H](O)[C@H]4O)[C@H]3O)[C@H]2O)[C@H](O)[C@H]1O",
    "\u03b1-NeuNAc-(2\u21923)-\u03b2-<small>D</small>-Gal-(1\u21924)-\u03b2-<small>D</small>-GlcNAc-(1\u21922)-\u03b1-<small>D</small>-Man-(1\u21923)-[\u03b2-<small>D</small>-Gal6S-(1\u21924)-\u03b2-<small>D</small>-GlcNAc6S-(1\u21923)-\u03b2-<small>D</small>-Gal-(1\u21924)-\u03b2-<small>D</small>-GlcNAc-(1\u21922)-\u03b1-<small>D</small>-Man-(1\u21926)]-\u03b2-<small>D</small>-Man-(1\u21924)-\u03b2-<small>D</small>-GlcNAc-(1\u21924)-\u03b2-<small>D</small>-GlcNAc-yl": "*[C@@H]1O[C@H](CO[C@@H]2O[C@@H](C)[C@@H](O)[C@@H](O)[C@@H]2O)[C@@H](O[C@@H]2O[C@H](CO[C@H]3O[C@H](CO)[C@@H](O)[C@H](O)[C@@H]3O[C@@H]3O[C@H](CO)[C@@H](O[C@@H]4O[C@H](CO)[C@H](O)[C@H](O[C@@H]5O[C@H](COS(=O)(=O)O)[C@@H](O[C@@H]6O[C@H](COS(=O)(=O)O)[C@H](O)[C@H](O)[C@H]6O)[C@H](O)[C@H]5NC(C)=O)[C@H]4O)[C@H](O)[C@H]3NC(C)=O)[C@@H](O)[C@H](O[C@H]3O[C@H](CO)[C@@H](O)[C@H](O)[C@@H]3O[C@@H]3O[C@H](CO)[C@@H](O[C@@H]4O[C@H](CO)[C@H](O)[C@H](O[C@]5(C(=O)O)C[C@H](O)[C@@H](NC(C)=O)[C@]([H])([C@H](O)[C@H](O)CO)O5)[C@H]4O)[C@H](O)[C@H]3NC(C)=O)[C@@H]2O)[C@H](O)[C@H]1NC(C)=O",
    "\u03b1-NeuNAc-(2\u21923)-\u03b2-<small>D</small>-Gal-(1\u21924)-\u03b2-<small>D</small>-GlcNAc-(1\u21922)-\u03b1-<small>D</small>-Man-(1\u21923)-[\u03b2-<small>D</small>-Gal-(1\u21924)-\u03b2-<small>D</small>-GlcNAc6S-(1\u21923)-\u03b2-<small>D</small>-Gal-(1\u21924)-\u03b2-<small>D</small>-GlcNAc-(1\u21922)-\u03b1-<small>D</small>-Man-(1\u21926)]-\u03b2-<small>D</small>-Man-(1\u21924)-\u03b2-<small>D</small>-GlcNAc-(1\u21924)-\u03b2-<small>D</small>-GlcNAc-yl": "*[C@@H]1O[C@H](CO[C@@H]2O[C@@H](C)[C@@H](O)[C@@H](O)[C@@H]2O)[C@@H](O[C@@H]2O[C@H](CO[C@H]3O[C@H](CO)[C@@H](O)[C@H](O)[C@@H]3O[C@@H]3O[C@H](CO)[C@@H](O[C@@H]4O[C@H](CO)[C@H](O)[C@H](O[C@@H]5O[C@H](COS(=O)(=O)O)[C@@H](O[C@@H]6O[C@H](CO)[C@H](O)[C@H](O)[C@H]6O)[C@H](O)[C@H]5NC(C)=O)[C@H]4O)[C@H](O)[C@H]3NC(C)=O)[C@@H](O)[C@H](O[C@H]3O[C@H](CO)[C@@H](O)[C@H](O)[C@@H]3O[C@@H]3O[C@H](CO)[C@@H](O[C@@H]4O[C@H](CO)[C@H](O)[C@H](O[C@]5(C(=O)O)C[C@H](O)[C@@H](NC(C)=O)[C@]([H])([C@H](O)[C@H](O)CO)O5)[C@H]4O)[C@H](O)[C@H]3NC(C)=O)[C@@H]2O)[C@H](O)[C@H]1NC(C)=O",
    "\u03b2-<small>D</small>-GlcA-(1\u21924)-\u03b1-<small>D</small>-GlcNAc-(1\u21924)-\u03b2-<small>D</small>-GlcA-(1\u21924)-\u03b1-<small>D</small>-GlcNAc-(1\u21924)-\u03b2-<small>D</small>-GlcA-(1\u21923)-\u03b2-<small>D</small>-Gal-(1\u21923)-\u03b2-<small>D</small>-Gal-(1\u21924)-\u03b2-<small>D</small>-Xyl-yl": "*[C@@H]1OC[C@@H](O[C@@H]2O[C@H](CO)[C@H](O)[C@H](O[C@@H]3O[C@H](CO)[C@H](O)[C@H](O[C@@H]4O[C@H](C(=O)O)[C@@H](O[C@H]5O[C@H](CO)[C@@H](O[C@@H]6O[C@H](C(=O)O)[C@@H](O[C@H]7O[C@H](CO)[C@@H](O[C@@H]8O[C@H](C(=O)O)[C@@H](O)[C@H](O)[C@H]8O)[C@H](O)[C@H]7NC(C)=O)[C@H](O)[C@H]6O)[C@H](O)[C@H]5NC(C)=O)[C@H](O)[C@H]4O)[C@H]3O)[C@H]2O)[C@H](O)[C@H]1O",
    "\u03b2-<small>D</small>-GlcA-(1\u21924)-\u03b1-<small>D</small>-GlcNAc-(1\u21924)-\u03b2-<small>D</small>-GlcA-(1\u21924)-\u03b1-<small>D</small>-GlcN-(1\u21924)-\u03b2-<small>D</small>-GlcA-(1\u21923)-\u03b2-<small>D</small>-Gal-(1\u21923)-\u03b2-<small>D</small>-Gal-(1\u21924)-\u03b2-<small>D</small>-Xyl-yl": "*[C@@H]1OC[C@@H](O[C@@H]2O[C@H](CO)[C@H](O)[C@H](O[C@@H]3O[C@H](CO)[C@H](O)[C@H](O[C@@H]4O[C@H](C(=O)O)[C@@H](O[C@H]5O[C@H](CO)[C@@H](O[C@@H]6O[C@H](C(=O)O)[C@@H](O[C@H]7O[C@H](CO)[C@@H](O[C@@H]8O[C@H](C(=O)O)[C@@H](O)[C@H](O)[C@H]8O)[C@H](O)[C@H]7NC(C)=O)[C@H](O)[C@H]6O)[C@H](O)[C@H]5N)[C@H](O)[C@H]4O)[C@H]3O)[C@H]2O)[C@H](O)[C@H]1O",
    "\u03b2-<small>D</small>-GlcA-(1\u21924)-\u03b1-<small>D</small>-GlcN<em>S</em>-(1\u21924)-\u03b2-<small>D</small>-GlcA-(1\u21924)-\u03b1-<small>D</small>-GlcN<em>S</em>-(1\u21924)-\u03b2-<small>D</small>-GlcA-(1\u21923)-\u03b2-<small>D</small>-Gal-(1\u21923)-\u03b2-<small>D</small>-Gal-(1\u21924)-\u03b2-<small>D</small>-Xyl-yl": "*[C@@H]1OC[C@@H](O[C@@H]2O[C@H](CO)[C@H](O)[C@H](O[C@@H]3O[C@H](CO)[C@H](O)[C@H](O[C@@H]4O[C@H](C(=O)O)[C@@H](O[C@H]5O[C@H](CO)[C@@H](O[C@@H]6O[C@H](C(=O)O)[C@@H](O[C@H]7O[C@H](CO)[C@@H](O[C@@H]8O[C@H](C(=O)O)[C@@H](O)[C@H](O)[C@H]8O)[C@H](O)[C@H]7NS(=O)(=O)O)[C@H](O)[C@H]6O)[C@H](O)[C@H]5NS(=O)(=O)O)[C@H](O)[C@H]4O)[C@H]3O)[C@H]2O)[C@H](O)[C@H]1O",
    "\u03b2-<small>D</small>-GlcA-(1\u21924)-\u03b1-<small>D</small>-GlcN<em>S</em>-(1\u21924)-\u03b2-<small>D</small>-IdoA-(1\u21924)-\u03b1-<small>D</small>-GlcN<em>S</em>-(1\u21924)-\u03b2-<small>D</small>-GlcA-(1\u21923)-\u03b2-<small>D</small>-Gal-(1\u21923)-\u03b2-<small>D</small>-Gal-(1\u21924)-\u03b2-<small>D</small>-Xyl-yl": "*[C@@H]1OC[C@@H](O[C@@H]2O[C@H](CO)[C@H](O)[C@H](O[C@@H]3O[C@H](CO)[C@H](O)[C@H](O[C@@H]4O[C@H](C(=O)O)[C@@H](O[C@H]5O[C@H](CO)[C@@H](O[C@@H]6O[C@H](C(=O)O)[C@H](O[C@H]7O[C@H](CO)[C@@H](O[C@@H]8O[C@H](C(=O)O)[C@@H](O)[C@H](O)[C@H]8O)[C@H](O)[C@H]7NS(=O)(=O)O)[C@@H](O)[C@@H]6O)[C@H](O)[C@H]5NS(=O)(=O)O)[C@H](O)[C@H]4O)[C@H]3O)[C@H]2O)[C@H](O)[C@H]1O",
    "\u03b2-<small>D</small>-GlcA-(1\u21924)-\u03b1-<small>D</small>-GlcN<em>S</em>-(1\u21924)-\u03b2-<small>D</small>-IdoA2<em>S</em>-(1\u21924)-\u03b1-<small>D</small>-GlcN<em>S</em>-(1\u21924)-\u03b2-<small>D</small>-GlcA-(1\u21923)-\u03b2-<small>D</small>-Gal-(1\u21923)-\u03b2-<small>D</small>-Gal-(1\u21924)-\u03b2-<small>D</small>-Xyl-yl": "*[C@@H]1OC[C@@H](O[C@@H]2O[C@H](CO)[C@H](O)[C@H](O[C@@H]3O[C@H](CO)[C@H](O)[C@H](O[C@@H]4O[C@H](C(=O)O)[C@@H](O[C@H]5O[C@H](CO)[C@@H](O[C@@H]6O[C@H](C(=O)O)[C@H](O[C@H]7O[C@H](CO)[C@@H](O[C@@H]8O[C@H](C(=O)O)[C@@H](O)[C@H](O)[C@H]8O)[C@H](O)[C@H]7NS(=O)(=O)O)[C@@H](O)[C@@H]6OS(=O)(=O)O)[C@H](O)[C@H]5NS(=O)(=O)O)[C@H](O)[C@H]4O)[C@H]3O)[C@H]2O)[C@H](O)[C@H]1O",
    "\u03b2-<small>D</small>-GlcA-(1\u21924)-\u03b1-<small>D</small>-GlcN<em>S</em>-(1\u21924)-\u03b2-<small>D</small>-IdoA2<em>S</em>-(1\u21924)-\u03b1-<small>D</small>-GlcN<em>S</em>3<em>S</em>-(1\u21924)-\u03b2-<small>D</small>-GlcA-(1\u21923)-\u03b2-<small>D</small>-Gal-(1\u21923)-\u03b2-<small>D</small>-Gal-(1\u21924)-\u03b2-<small>D</small>-Xyl-yl": "*[C@@H]1OC[C@@H](O[C@@H]2O[C@H](CO)[C@H](O)[C@H](O[C@@H]3O[C@H](CO)[C@H](O)[C@H](O[C@@H]4O[C@H](C(=O)O)[C@@H](O[C@H]5O[C@H](CO)[C@@H](O[C@@H]6O[C@H](C(=O)O)[C@H](O[C@H]7O[C@H](CO)[C@@H](O[C@@H]8O[C@H](C(=O)O)[C@@H](O)[C@H](O)[C@H]8O)[C@H](O)[C@H]7NS(=O)(=O)O)[C@@H](O)[C@@H]6OS(=O)(=O)O)[C@H](OS(=O)(=O)O)[C@H]5NS(=O)(=O)O)[C@H](O)[C@H]4O)[C@H]3O)[C@H]2O)[C@H](O)[C@H]1O",
    "\u03b2-<small>D</small>-IdoA-(1\u21924)-\u03b1-<small>D</small>-GlcN<em>S</em>-(1\u21924)-\u03b2-<small>D</small>-IdoA2<em>S</em>-(1\u21924)-\u03b1-<small>D</small>-GlcN<em>S</em>3<em>S</em>-(1\u21924)-\u03b2-<small>D</small>-GlcA-(1\u21923)-\u03b2-<small>D</small>-Gal-(1\u21923)-\u03b2-<small>D</small>-Gal-(1\u21924)-\u03b2-<small>D</small>-Xyl-yl": "*[C@@H]1OC[C@@H](O[C@@H]2O[C@H](CO)[C@H](O)[C@H](O[C@@H]3O[C@H](CO)[C@H](O)[C@H](O[C@@H]4O[C@H](C(=O)O)[C@@H](O[C@H]5O[C@H](CO)[C@@H](O[C@@H]6O[C@H](C(=O)O)[C@H](O[C@H]7O[C@H](CO)[C@@H](O[C@@H]8O[C@H](C(=O)O)[C@H](O)[C@@H](O)[C@@H]8O)[C@H](O)[C@H]7NS(=O)(=O)O)[C@@H](O)[C@@H]6OS(=O)(=O)O)[C@H](OS(=O)(=O)O)[C@H]5NS(=O)(=O)O)[C@H](O)[C@H]4O)[C@H]3O)[C@H]2O)[C@H](O)[C@H]1O",
    "\u03b2-<small>D</small>-IdoA-(1\u21924)-\u03b1-<small>D</small>-GlcN<em>S</em>6<em>S</em>-(1\u21924)-\u03b2-<small>D</small>-IdoA2<em>S</em>-(1\u21924)-\u03b1-<small>D</small>-GlcN<em>S</em>3<em>S</em>-(1\u21924)-\u03b2-<small>D</small>-GlcA-(1\u21923)-\u03b2-<small>D</small>-Gal-(1\u21923)-\u03b2-<small>D</small>-Gal-(1\u21924)-\u03b2-<small>D</small>-Xyl-yl": "*[C@@H]1OC[C@@H](O[C@@H]2O[C@H](CO)[C@H](O)[C@H](O[C@@H]3O[C@H](CO)[C@H](O)[C@H](O[C@@H]4O[C@H](C(=O)O)[C@@H](O[C@H]5O[C@H](CO)[C@@H](O[C@@H]6O[C@H](C(=O)O)[C@H](O[C@H]7O[C@H](COS(=O)(=O)O)[C@@H](O[C@@H]8O[C@H](C(=O)O)[C@H](O)[C@@H](O)[C@@H]8O)[C@H](O)[C@H]7NS(=O)(=O)O)[C@@H](O)[C@@H]6OS(=O)(=O)O)[C@H](OS(=O)(=O)O)[C@H]5NS(=O)(=O)O)[C@H](O)[C@H]4O)[C@H]3O)[C@H]2O)[C@H](O)[C@H]1O",
    "\u03b2-<small>D</small>-IdoA-(1\u21924)-\u03b1-<small>D</small>-GlcN<em>S</em>3,6<em>S</em><small><sub>2</sub></small>-(1\u21924)-\u03b2-<small>D</small>-IdoA2<em>S</em>-(1\u21924)-\u03b1-<small>D</small>-GlcN<em>S</em>3<em>S</em>-(1\u21924)-\u03b2-<small>D</small>-GlcA-(1\u21923)-\u03b2-<small>D</small>-Gal-(1\u21923)-\u03b2-<small>D</small>-Gal-(1\u21924)-\u03b2-<small>D</small>-Xyl-yl": "*[C@@H]1OC[C@@H](O[C@@H]2O[C@H](CO)[C@H](O)[C@H](O[C@@H]3O[C@H](CO)[C@H](O)[C@H](O[C@@H]4O[C@H](C(=O)O)[C@@H](O[C@H]5O[C@H](CO)[C@@H](O[C@@H]6O[C@H](C(=O)O)[C@H](O[C@H]7O[C@H](COS(=O)(=O)O)[C@@H](O[C@@H]8O[C@H](C(=O)O)[C@H](O)[C@@H](O)[C@@H]8O)[C@H](OS(=O)(=O)O)[C@H]7NS(=O)(=O)O)[C@@H](O)[C@@H]6OS(=O)(=O)O)[C@H](OS(=O)(=O)O)[C@H]5NS(=O)(=O)O)[C@H](O)[C@H]4O)[C@H]3O)[C@H]2O)[C@H](O)[C@H]1O",
    "\u03b1-<small>D</small>-GlcN<em>S</em>6<em>S</em>-(1\u21924)-\u03b2-<small>D</small>-IdoA2<em>S</em>-(1\u21924)-\u03b1-<small>D</small>-GlcN<em>S</em>3<em>S</em>-(1\u21924)-\u03b2-<small>D</small>-GlcA-(1\u21923)-\u03b2-<small>D</small>-Gal-(1\u21923)-\u03b2-<small>D</small>-Gal-(1\u21924)-\u03b2-<small>D</small>-Xyl-yl": "*[C@@H]1OC[C@@H](O[C@@H]2O[C@H](CO)[C@H](O)[C@H](O[C@@H]3O[C@H](CO)[C@H](O)[C@H](O[C@@H]4O[C@H](C(=O)O)[C@@H](O[C@H]5O[C@H](CO)[C@@H](O[C@@H]6O[C@H](C(=O)O)[C@H](O[C@H]7O[C@H](COS(=O)(=O)O)[C@@H](O)[C@H](O)[C@H]7NS(=O)(=O)O)[C@@H](O)[C@@H]6OS(=O)(=O)O)[C@H](OS(=O)(=O)O)[C@H]5NS(=O)(=O)O)[C@H](O)[C@H]4O)[C@H]3O)[C@H]2O)[C@H](O)[C@H]1O",
    "\u03b1-<small>D</small>-GlcN-(1\u21924)-\u03b2-<small>D</small>-IdoA2<em>S</em>-(1\u21924)-\u03b1-<small>D</small>-GlcN<em>S</em>3<em>S</em>-(1\u21924)-\u03b2-<small>D</small>-GlcA-(1\u21923)-\u03b2-<small>D</small>-Gal-(1\u21923)-\u03b2-<small>D</small>-Gal-(1\u21924)-\u03b2-<small>D</small>-Xyl-yl": "*[C@@H]1OC[C@@H](O[C@@H]2O[C@H](CO)[C@H](O)[C@H](O[C@@H]3O[C@H](CO)[C@H](O)[C@H](O[C@@H]4O[C@H](C(=O)O)[C@@H](O[C@H]5O[C@H](CO)[C@@H](O[C@@H]6O[C@H](C(=O)O)[C@H](O[C@H]7O[C@H](CO)[C@@H](O)[C@H](O)[C@H]7N)[C@@H](O)[C@@H]6OS(=O)(=O)O)[C@H](OS(=O)(=O)O)[C@H]5NS(=O)(=O)O)[C@H](O)[C@H]4O)[C@H]3O)[C@H]2O)[C@H](O)[C@H]1O",
    "\u03b1-<small>D</small>-GlcNAc-(1\u21924)-\u03b2-<small>D</small>-IdoA2<em>S</em>-(1\u21924)-\u03b1-<small>D</small>-GlcN<em>S</em>3<em>S</em>-(1\u21924)-\u03b2-<small>D</small>-GlcA-(1\u21923)-\u03b2-<small>D</small>-Gal-(1\u21923)-\u03b2-<small>D</small>-Gal-(1\u21924)-\u03b2-<small>D</small>-Xyl-yl": "*[C@@H]1OC[C@@H](O[C@@H]2O[C@H](CO)[C@H](O)[C@H](O[C@@H]3O[C@H](CO)[C@H](O)[C@H](O[C@@H]4O[C@H](C(=O)O)[C@@H](O[C@H]5O[C@H](CO)[C@@H](O[C@@H]6O[C@H](C(=O)O)[C@H](O[C@H]7O[C@H](CO)[C@@H](O)[C@H](O)[C@H]7NC(C)=O)[C@@H](O)[C@@H]6OS(=O)(=O)O)[C@H](OS(=O)(=O)O)[C@H]5NS(=O)(=O)O)[C@H](O)[C@H]4O)[C@H]3O)[C@H]2O)[C@H](O)[C@H]1O",
    "\u03b2-<small>D</small>-IdoA2<em>S</em>-(1\u21924)-\u03b1-<small>D</small>-GlcN<em>S</em>3<em>S</em>-(1\u21924)-\u03b2-<small>D</small>-GlcA-(1\u21923)-\u03b2-<small>D</small>-Gal-(1\u21923)-\u03b2-<small>D</small>-Gal-(1\u21924)-\u03b2-<small>D</small>-Xyl-yl": "*[C@@H]1OC[C@@H](O[C@@H]2O[C@H](CO)[C@H](O)[C@H](O[C@@H]3O[C@H](CO)[C@H](O)[C@H](O[C@@H]4O[C@H](C(=O)O)[C@@H](O[C@H]5O[C@H](CO)[C@@H](O[C@@H]6O[C@H](C(=O)O)[C@H](O)[C@@H](O)[C@@H]6OS(=O)(=O)O)[C@H](OS(=O)(=O)O)[C@H]5NS(=O)(=O)O)[C@H](O)[C@H]4O)[C@H]3O)[C@H]2O)[C@H](O)[C@H]1O",
    "\u03b2-<small>D</small>-Glc<em>p</em>-(1\u21923)-[\u03b1-<small>D</small>-Man<em>p</em>-(1\u21922)]-\u03b2-<small>D</small>-Man<em>p</em>-(1\u21923)-\u03b2-<small>D</small>-Man<em>p</em>-(1\u21923)-\u03b1-<small>L</small>-Rha<em>p</em>-(1\u21923)-\u03b2-<small>D</small>-Glc<em>p</em>-yl": "*[C@@H]1O[C@H](CO)[C@@H](O)[C@H](O[C@@H]2O[C@@H](C)[C@H](O)[C@@H](O[C@@H]3O[C@H](CO)[C@@H](O)[C@H](O[C@@H]4O[C@H](CO)[C@@H](O)[C@H](O[C@@H]5O[C@H](CO)[C@@H](O)[C@H](O)[C@H]5O)[C@@H]4O[C@H]4O[C@H](CO)[C@@H](O)[C@H](O)[C@@H]4O)[C@@H]3O)[C@H]2O)[C@H]1O",
    "\u03b1-<small>D</small>-Man<em>p</em>-(1\u21922)-[\u03b1-<small>D</small>-Man<em>p</em>-(1\u21922)-\u03b2-<small>D</small>-Man<em>p</em>-(1\u21923)-\u03b2-<small>D</small>-Man<em>p</em>-(1\u21923)-\u03b1-<small>L</small>-Rha<em>p</em>-(1\u21923)-\u03b2-<small>D</small>-Glc<em>p</em>-(1\u21923)]-\u03b2-<small>D</small>-Man<em>p</em>-(1\u21923)-\u03b2-<small>D</small>-Man<em>p</em>-(1\u21923)-\u03b1-<small>L</small>-Rha<em>p</em>-(1\u21923)-\u03b2-<small>D</small>-Glc<em>p</em>-yl": "*[C@@H]1O[C@H](CO)[C@@H](O)[C@H](O[C@@H]2O[C@@H](C)[C@H](O)[C@@H](O[C@@H]3O[C@H](CO)[C@@H](O)[C@H](O[C@@H]4O[C@H](CO)[C@@H](O)[C@H](O[C@@H]5O[C@H](CO)[C@@H](O)[C@H](O[C@@H]6O[C@@H](C)[C@H](O)[C@@H](O[C@@H]7O[C@H](CO)[C@@H](O)[C@H](O[C@@H]8O[C@H](CO)[C@@H](O)[C@H](O)[C@@H]8O[C@H]8O[C@H](CO)[C@@H](O)[C@H](O)[C@@H]8O)[C@@H]7O)[C@H]6O)[C@H]5O)[C@@H]4O[C@H]4O[C@H](CO)[C@@H](O)[C@H](O)[C@@H]4O)[C@@H]3O)[C@H]2O)[C@H]1O",
    "\u03b1-<small>D</small>-Rha<em>p</em>4NFo-(1\u21923)-\u03b1-<small>D</small>-Rha<em>p</em>4NFoO[CH<small><sub>2</sub></small>]<small><sub>5</sub></small>C(O)NH<small><sub>2</sub></small>CH<small><sub>2</sub></small>CH<small><sub>2</sub></small>NH<small><sub>2</sub></small>-3,4-dioxocyclobutylaminomethyl": "*CNC1C(=O)C(=O)C1NCCNC(=O)CCCCCO[C@H]1O[C@H](C)[C@@H](NC=O)[C@H](O[C@H]2O[C@H](C)[C@@H](NC=O)[C@H](O)[C@@H]2O)[C@@H]1O",
    "\u03b1-<small>D</small>-Rha<em>p</em>4NFo-(1\u21922)-\u03b1-<small>D</small>-Rha<em>p</em>4NFo-(1\u21923)-\u03b1-<small>D</small>-Rha<em>p</em>4NFoO[CH<small><sub>2</sub></small>]<small><sub>5</sub></small>C(O)NH<small><sub>2</sub></small>CH<small><sub>2</sub></small>CH<small><sub>2</sub></small>NH<small><sub>2</sub></small>-3,4-dioxocyclobutylaminomethyl": "*CNC1C(=O)C(=O)C1NCCNC(=O)CCCCCO[C@H]1O[C@H](C)[C@@H](NC=O)[C@H](O[C@H]2O[C@H](C)[C@@H](NC=O)[C@H](O)[C@@H]2O[C@H]2O[C@H](C)[C@@H](NC=O)[C@H](O)[C@@H]2O)[C@@H]1O",
    "\u03b1-<small>D</small>-Rha<em>p</em>4NFo-(1\u21923)-\u03b1-<small>D</small>-Rha<em>p</em>4NFo-(1\u21922)-\u03b1-<small>D</small>-Rha<em>p</em>4NFoO[CH<small><sub>2</sub></small>]<small><sub>5</sub></small>C(O)NH<small><sub>2</sub></small>CH<small><sub>2</sub></small>CH<small><sub>2</sub></small>NH<small><sub>2</sub></small>-3,4-dioxocyclobutylaminomethyl": "*CNC1C(=O)C(=O)C1NCCNC(=O)CCCCCO[C@H]1O[C@H](C)[C@@H](NC=O)[C@H](O)[C@@H]1O[C@H]1O[C@H](C)[C@@H](NC=O)[C@H](O[C@H]2O[C@H](C)[C@@H](NC=O)[C@H](O)[C@@H]2O)[C@@H]1O",
    "\u03b1-<small>D</small>-Rha<em>p</em>4NFo-(1\u21922)-\u03b1-<small>D</small>-Rha<em>p</em>4NFo-(1\u21923)-\u03b1-<small>D</small>-Rha<em>p</em>4NFo-(1\u21922)-\u03b1-<small>D</small>-Rha<em>p</em>4NFoO[CH<small><sub>2</sub></small>]<small><sub>5</sub></small>C(O)NH<small><sub>2</sub></small>CH<small><sub>2</sub></small>CH<small><sub>2</sub></small>NH<small><sub>2</sub></small>-3,4-dioxocyclobutylaminomethyl": "*CNC1C(=O)C(=O)C1NCCNC(=O)CCCCCO[C@H]1O[C@H](C)[C@@H](NC=O)[C@H](O)[C@@H]1O[C@H]1O[C@H](C)[C@@H](NC=O)[C@H](O[C@H]2O[C@H](C)[C@@H](NC=O)[C@H](O)[C@@H]2O[C@H]2O[C@H](C)[C@@H](NC=O)[C@H](O)[C@@H]2O)[C@@H]1O",
    "\u03b1-<small>D</small>-Rha<em>p</em>4NFo-(1\u21922)-\u03b1-<small>D</small>-Rha<em>p</em>4NFo-(1\u21923)-\u03b1-<small>D</small>-Rha<em>p</em>4NFo-(1\u21922)-\u03b1-<small>D</small>-Rha<em>p</em>4NFo-(1\u21922)-\u03b1-<small>D</small>-Rha<em>p</em>4NFo-(1\u21922)-\u03b1-<small>D</small>-Rha<em>p</em>4NFoO[CH<small><sub>2</sub></small>]<small><sub>5</sub></small>C(O)NH<small><sub>2</sub></small>CH<small><sub>2</sub></small>CH<small><sub>2</sub></small>NH<small><sub>2</sub></small>-3,4-dioxocyclobutylaminomethyl": "*CNC1C(=O)C(=O)C1NCCNC(=O)CCCCCO[C@H]1O[C@H](C)[C@@H](NC=O)[C@H](O)[C@@H]1O[C@H]1O[C@H](C)[C@@H](NC=O)[C@H](O)[C@@H]1O[C@H]1O[C@H](C)[C@@H](NC=O)[C@H](O)[C@@H]1O[C@H]1O[C@H](C)[C@@H](NC=O)[C@H](O[C@H]2O[C@H](C)[C@@H](NC=O)[C@H](O)[C@@H]2O[C@H]2O[C@H](C)[C@@H](NC=O)[C@H](O)[C@@H]2O)[C@@H]1O",
    "\u03b1-<small>D</small>-Rha<em>p</em>4NFo-(1\u21922)-\u03b1-<small>D</small>-Rha<em>p</em>4NFo-(1\u21922)-\u03b1-<small>D</small>-Rha<em>p</em>4NFo-(1\u21922)-\u03b1-<small>D</small>-Rha<em>p</em>4NFo-(1\u21922)-\u03b1-<small>D</small>-Rha<em>p</em>4NFo-(1\u21922)-\u03b1-<small>D</small>-Rha<em>p</em>4NFoO[CH<small><sub>2</sub></small>]<small><sub>5</sub></small>C(O)NH<small><sub>2</sub></small>CH<small><sub>2</sub></small>CH<small><sub>2</sub></small>NH<small><sub>2</sub></small>-3,4-dioxocyclobutylaminomethyl": "*CNC1C(=O)C(=O)C1NCCNC(=O)CCCCCO[C@H]1O[C@H](C)[C@@H](NC=O)[C@H](O)[C@@H]1O[C@H]1O[C@H](C)[C@@H](NC=O)[C@H](O)[C@@H]1O[C@H]1O[C@H](C)[C@@H](NC=O)[C@H](O)[C@@H]1O[C@H]1O[C@H](C)[C@@H](NC=O)[C@H](O)[C@@H]1O[C@H]1O[C@H](C)[C@@H](NC=O)[C@H](O)[C@@H]1O[C@H]1O[C@H](C)[C@@H](NC=O)[C@H](O)[C@@H]1O",
    "\u03b1-<small>D</small>-Man<em>p</em>-(1\u21923)-[\u03b1-<small>D</small>-Man<em>p</em>6<em>P</em>-(1\u21926)]-\u03b1-<small>D</small>-Man<em>p</em>-(1\u21926)-[\u03b1-<small>D</small>-Man<em>p</em>6<em>P</em>-(1\u21922)-\u03b1-<small>D</small>-Man<em>p</em>-(1\u21923)]-\u03b2-<small>D</small>-Man<em>p</em>-(1\u21924)-\u03b2-<small>D</small>-Glc<em>p</em>NAc-(1\u21924)-<small>D</small>-Glc<em>p</em>NAc-yl": "*C1O[C@H](CO)[C@@H](O[C@@H]2O[C@H](CO)[C@@H](O[C@@H]3O[C@H](CO[C@H]4O[C@H](CO[C@H]5O[C@H](COP(=O)(O)O)[C@@H](O)[C@H](O)[C@@H]5O)[C@@H](O)[C@H](O[C@H]5O[C@H](CO)[C@@H](O)[C@H](O)[C@@H]5O)[C@@H]4O)[C@@H](O)[C@H](O[C@H]4O[C@H](CO)[C@@H](O)[C@H](O)[C@@H]4O[C@H]4O[C@H](COP(=O)(O)O)[C@@H](O)[C@H](O)[C@@H]4O)[C@@H]3O)[C@H](O)[C@H]2NC(C)=O)[C@H](O)[C@H]1NC(C)=O",
    "\u03b1-<small>D</small>-Man<em>p</em>-(1\u21923)-[\u03b1-<small>D</small>-Man<em>p</em>-(1\u21922)-\u03b1-<small>D</small>-Man<em>p</em>6<em>P</em>-(1\u21926)]-\u03b1-<small>D</small>-Man<em>p</em>-(1\u21926)-[\u03b1-<small>D</small>-Man<em>p</em>6<em>P</em>-(1\u21922)-\u03b1-<small>D</small>-Man<em>p</em>-(1\u21923)]-\u03b2-<small>D</small>-Man<em>p</em>-(1\u21924)-\u03b2-<small>D</small>-Glc<em>p</em>NAc-(1\u21924)-<small>D</small>-Glc<em>p</em>NAc-yl": "*C1O[C@H](CO)[C@@H](O[C@@H]2O[C@H](CO)[C@@H](O[C@@H]3O[C@H](CO[C@H]4O[C@H](CO[C@H]5O[C@H](COP(=O)(O)O)[C@@H](O)[C@H](O)[C@@H]5O[C@H]5O[C@H](CO)[C@@H](O)[C@H](O)[C@@H]5O)[C@@H](O)[C@H](O[C@H]5O[C@H](CO)[C@@H](O)[C@H](O)[C@@H]5O)[C@@H]4O)[C@@H](O)[C@H](O[C@H]4O[C@H](CO)[C@@H](O)[C@H](O)[C@@H]4O[C@H]4O[C@H](COP(=O)(O)O)[C@@H](O)[C@H](O)[C@@H]4O)[C@@H]3O)[C@H](O)[C@H]2NC(C)=O)[C@H](O)[C@H]1NC(C)=O",
    "\u03b1-<small>D</small>-Man<em>p</em>-(1\u21923)-[\u03b1-<small>D</small>-Man<em>p</em>6<em>P</em>-(1\u21922)-\u03b1-<small>D</small>-Man<em>p</em>-(1\u21926)]-\u03b1-<small>D</small>-Man<em>p</em>-(1\u21926)-[\u03b1-<small>D</small>-Man<em>p</em>6<em>P</em>-(1\u21922)-\u03b1-<small>D</small>-Man<em>p</em>-(1\u21923)]-\u03b2-<small>D</small>-Man<em>p</em>-(1\u21924)-\u03b2-<small>D</small>-Glc<em>p</em>NAc-(1\u21924)-<small>D</small>-Glc<em>p</em>NAc-yl": "*C1O[C@H](CO)[C@@H](O[C@@H]2O[C@H](CO)[C@@H](O[C@@H]3O[C@H](CO[C@H]4O[C@H](CO[C@H]5O[C@H](CO)[C@@H](O)[C@H](O)[C@@H]5O[C@H]5O[C@H](COP(=O)(O)O)[C@@H](O)[C@H](O)[C@@H]5O)[C@@H](O)[C@H](O[C@H]5O[C@H](CO)[C@@H](O)[C@H](O)[C@@H]5O)[C@@H]4O)[C@@H](O)[C@H](O[C@H]4O[C@H](CO)[C@@H](O)[C@H](O)[C@@H]4O[C@H]4O[C@H](COP(=O)(O)O)[C@@H](O)[C@H](O)[C@@H]4O)[C@@H]3O)[C@H](O)[C@H]2NC(C)=O)[C@H](O)[C@H]1NC(C)=O",
    "\u03b1-<small>D</small>-Man<em>p</em>-(1\u21922)-\u03b1-<small>D</small>-Man<em>p</em>-(1\u21923)-[\u03b1-<small>D</small>-Man<em>p</em>6<em>P</em>-(1\u21926)]-\u03b1-<small>D</small>-Man<em>p</em>-(1\u21926)-[\u03b1-<small>D</small>-Man<em>p</em>6<em>P</em>-(1\u21922)-\u03b1-<small>D</small>-Man<em>p</em>-(1\u21923)]-\u03b2-<small>D</small>-Man<em>p</em>-(1\u21924)-\u03b2-<small>D</small>-Glc<em>p</em>NAc-(1\u21924)-<small>D</small>-Glc<em>p</em>NAc-yl": "*C1O[C@H](CO)[C@@H](O[C@@H]2O[C@H](CO)[C@@H](O[C@@H]3O[C@H](CO[C@H]4O[C@H](CO[C@H]5O[C@H](COP(=O)(O)O)[C@@H](O)[C@H](O)[C@@H]5O)[C@@H](O)[C@H](O[C@H]5O[C@H](CO)[C@@H](O)[C@H](O)[C@@H]5O[C@H]5O[C@H](CO)[C@@H](O)[C@H](O)[C@@H]5O)[C@@H]4O)[C@@H](O)[C@H](O[C@H]4O[C@H](CO)[C@@H](O)[C@H](O)[C@@H]4O[C@H]4O[C@H](COP(=O)(O)O)[C@@H](O)[C@H](O)[C@@H]4O)[C@@H]3O)[C@H](O)[C@H]2NC(C)=O)[C@H](O)[C@H]1NC(C)=O",
    "<small>D</small>-mannosylated \u03b1-<small>D</small>-Man<em>p</em>-(1\u21923)-[\u03b1-<small>D</small>-Man<em>p</em>-(1\u21926)]-\u03b2-<small>D</small>-Man<em>p</em>-(1\u21924)-\u03b2-<small>D</small>-Glc<em>p</em>NAc-(1\u21924)-<small>D</small>-Glc<em>p</em>NAc-yl": "*OC[C@H]1O[C@H](OC[C@H]2O[C@@H](O[C@H]3[C@H](O)[C@@H](NC(C)=O)[C@H](O[C@H]4[C@H](O)[C@@H](NC(C)=O)CO[C@@H]4CO)O[C@@H]3CO)[C@@H](O)[C@@H](O[C@H]3O[C@H](CO*)[C@@H](O*)[C@H](O*)[C@@H]3O*)[C@@H]2O)[C@@H](O*)[C@@H](O*)[C@@H]1O*",
    "di-(<small>D</small>-mannosylated) \u03b1-<small>D</small>-Man<em>p</em>-(1\u21923)-[\u03b1-<small>D</small>-Man<em>p</em>-(1\u21926)]-\u03b2-<small>D</small>-Man<em>p</em>-(1\u21924)-\u03b2-<small>D</small>-Glc<em>p</em>NAc-(1\u21924)-<small>D</small>-Glc<em>p</em>NAc-yl": "*OC[C@H]1O[C@H](OC[C@H]2O[C@@H](O[C@H]3[C@H](O)[C@@H](NC(C)=O)[C@H](O[C@H]4[C@H](O)[C@@H](NC(C)=O)CO[C@@H]4CO)O[C@@H]3CO)[C@@H](O)[C@@H](O[C@H]3O[C@H](CO*)[C@@H](O*)[C@H](O*)[C@@H]3O*)[C@@H]2O)[C@@H](O*)[C@@H](O*)[C@@H]1O*",
    "tetra-(<small>D</small>-mannosylated) \u03b1-<small>D</small>-Man<em>p</em>-(1\u21923)-\u03b1-<small>D</small>-Man<em>p</em>-(1\u21926)-\u03b2-<small>D</small>-Man<em>p</em>-(1\u21924)-\u03b2-<small>D</small>-Glc<em>p</em>NAc-(1\u21924)-\u03b2-<small>D</small>-Glc<em>p</em>NAc-yl": "*OC[C@H]1O[C@H](OC[C@H]2O[C@@H](O[C@H]3[C@H](O)[C@@H](NC(C)=O)[C@H](O[C@H]4[C@H](O)[C@@H](NC(C)=O)[C@H]([1*])O[C@@H]4CO)O[C@@H]3CO)[C@@H](O)[C@@H](O[C@H]3O[C@H](CO*)[C@@H](O*)[C@H](O*)[C@@H]3O*)[C@@H]2O)[C@@H](O*)[C@@H](O*)[C@@H]1O*",
    "hexa-(<small>D</small>-mannosylated) \u03b1-<small>D</small>-Man<em>p</em>-(1\u21923)-\u03b1-<small>D</small>-Man<em>p</em>-(1\u21926)-\u03b2-<small>D</small>-Man<em>p</em>-(1\u21924)-\u03b2-<small>D</small>-Glc<em>p</em>NAc-(1\u21924)-\u03b2-<small>D</small>-Glc<em>p</em>NAc-yl": "*OC[C@H]1O[C@H](OC[C@H]2O[C@@H](O[C@H]3[C@H](O)[C@@H](NC(C)=O)[C@H](O[C@H]4[C@H](O)[C@@H](NC(C)=O)[C@H](*)O[C@@H]4CO)O[C@@H]3CO)[C@@H](O)[C@@H](O[C@H]3O[C@H](CO*)[C@@H](O*)[C@H](O*)[C@@H]3O*)[C@@H]2O)[C@@H](O*)[C@@H](O*)[C@@H]1O*",
    "\u03b1-Neu<em>p</em>5Ac-(2\u21926)-\u03b2-<small>D</small>-Gal<em>p</em>-(1\u21924)-\u03b2-<small>D</small>-Glc<em>p</em>NAc-(1\u21922)-[\u03b1-Neu<em>p</em>5Ac-(2\u21926)-\u03b2-<small>D</small>-Gal<em>p</em>-(1\u21924)-\u03b2-<small>D</small>-Glc<em>p</em>NAc-(1\u21924)]-\u03b1-<small>D</small>-Man<em>p</em>-(1\u21923)-[\u03b1-Neu<em>p</em>5Ac-(2\u21926)-\u03b2-<small>D</small>-Gal<em>p</em>-(1\u21924)-\u03b2-<small>D</small>-Glc<em>p</em>NAc-(1\u21922)-\u03b1-<small>D</small>-Man<em>p</em>-(1\u21926)]-\u03b2-<small>D</small>-Man<em>p</em>-(1\u21924)-\u03b2-<small>D</small>-Glc<em>p</em>NAc-(1\u21924)-<small>D</small>-Glc<em>p</em>NAc-yl": "*C1O[C@H](CO)[C@@H](O[C@@H]2O[C@H](CO)[C@@H](O[C@@H]3O[C@H](CO[C@H]4O[C@H](CO)[C@@H](O)[C@H](O)[C@@H]4O[C@@H]4O[C@H](CO)[C@@H](O[C@@H]5O[C@H](CO[C@]6(C(=O)O)C[C@H](O)[C@@H](NC(C)=O)[C@]([H])([C@H](O)[C@H](O)CO)O6)[C@H](O)[C@H](O)[C@H]5O)[C@H](O)[C@H]4NC(C)=O)[C@@H](O)[C@H](O[C@H]4O[C@H](CO)[C@@H](O[C@@H]5O[C@H](CO)[C@@H](O[C@@H]6O[C@H](CO[C@]7(C(=O)O)C[C@H](O)[C@@H](NC(C)=O)[C@]([H])([C@H](O)[C@H](O)CO)O7)[C@H](O)[C@H](O)[C@H]6O)[C@H](O)[C@H]5NC(C)=O)[C@H](O)[C@@H]4O[C@@H]4O[C@H](CO)[C@@H](O[C@@H]5O[C@H](CO[C@]6(C(=O)O)C[C@H](O)[C@@H](NC(C)=O)[C@]([H])([C@H](O)[C@H](O)CO)O6)[C@H](O)[C@H](O)[C@H]5O)[C@H](O)[C@H]4NC(C)=O)[C@@H]3O)[C@H](O)[C@H]2NC(C)=O)[C@H](O)[C@H]1NC(C)=O",
    "\u03b1-Neu<em>p</em>5Ac-(2\u21926)-\u03b2-<small>D</small>-Gal<em>p</em>-(1\u21924)-\u03b2-<small>D</small>-Glc<em>p</em>NAc-(1\u21922)-[\u03b1-Neu<em>p</em>5Ac-(2\u21926)-\u03b2-<small>D</small>-Gal<em>p</em>-(1\u21924)-\u03b2-<small>D</small>-Glc<em>p</em>NAc-(1\u21924)]-\u03b1-<small>D</small>-Man<em>p</em>-(1\u21923)-[\u03b1-Neu<em>p</em>5Ac-(2\u21926)-\u03b2-<small>D</small>-Gal<em>p</em>-(1\u21924)-\u03b2-<small>D</small>-Glc<em>p</em>NAc-(1\u21926)-[\u03b2-<small>D</small>-Gal<em>p</em>-(1\u21924)-\u03b2-<small>D</small>-Glc<em>p</em>NAc-(1\u21922)]-\u03b1-<small>D</small>-Man<em>p</em>-(1\u21926)]-\u03b2-<small>D</small>-Man<em>p</em>-(1\u21924)-\u03b2-<small>D</small>-Glc<em>p</em>NAc-(1\u21924)-<small>D</small>-Glc<em>p</em>NAc-yl": "*C1O[C@H](CO)[C@@H](O[C@@H]2O[C@H](CO)[C@@H](O[C@@H]3O[C@H](CO[C@H]4O[C@H](CO[C@@H]5O[C@H](CO)[C@@H](O[C@@H]6O[C@H](CO[C@]7(C(=O)O)C[C@H](O)[C@@H](NC(C)=O)[C@]([H])([C@H](O)[C@H](O)CO)O7)[C@H](O)[C@H](O)[C@H]6O)[C@H](O)[C@H]5NC(C)=O)[C@@H](O)[C@H](O)[C@@H]4O[C@@H]4O[C@H](CO)[C@@H](O[C@@H]5O[C@H](CO)[C@H](O)[C@H](O)[C@H]5O)[C@H](O)[C@H]4NC(C)=O)[C@@H](O)[C@H](O[C@H]4O[C@H](CO)[C@@H](O[C@@H]5O[C@H](CO)[C@@H](O[C@@H]6O[C@H](CO[C@]7(C(=O)O)C[C@H](O)[C@@H](NC(C)=O)[C@]([H])([C@H](O)[C@H](O)CO)O7)[C@H](O)[C@H](O)[C@H]6O)[C@H](O)[C@H]5NC(C)=O)[C@H](O)[C@@H]4O[C@@H]4O[C@H](CO)[C@@H](O[C@@H]5O[C@H](CO[C@]6(C(=O)O)C[C@H](O)[C@@H](NC(C)=O)[C@]([H])([C@H](O)[C@H](O)CO)O6)[C@H](O)[C@H](O)[C@H]5O)[C@H](O)[C@H]4NC(C)=O)[C@@H]3O)[C@H](O)[C@H]2NC(C)=O)[C@H](O)[C@H]1NC(C)=O",
    "3-<em>O</em>-{(1<i>R</i>)-1-[(1,3-dihydroxypropan-2-yl)oxy]-2-hydroxyethyl}-2,6-bis-<em>O</em>-{(1<i>S</i>)-1-[(1,3-dihydroxypropan-2-yl)oxy]-2-hydroxyethyl}-\u03b2-<small>D</small>-Man-(1\u21924) -\u03b2-<small>D</small>-GlcNAc-(1\u21924)-3-<em>O</em>-[(1<i>S</i>)-2-hydroxy-1-{[(2<i>S</i>)-1-hydroxypropan-2-yl]oxy}ethyl]-<small>D</small>-GlcNAc-yl": "*C1O[C@H](CO)[C@@H](O[C@@H]2O[C@H](CO)[C@@H](O[C@@H]3O[C@H](CO[C@H](CO)OC(CO)CO)[C@@H](O)[C@H](O[C@H](CO)OC(CO)CO)[C@@H]3O[C@@H](CO)OC(CO)CO)[C@H](O)[C@H]2NC(C)=O)[C@H](O[C@@H](CO)O[C@@H](C)CO)[C@H]1NC(C)=O",
    "\u03b1-NeuNAc-(2\u21923)-\u03b2-<small>D</small>-Gal-(1\u21924)-\u03b2-<small>D</small>-GlcNAc-(1\u21922)-\u03b1-<small>D</small>-Man-(1\u21923)-[\u03b2-<small>D</small>-Gal-(1\u21924)-\u03b2-<small>D</small>-GlcNAc-(1\u21923)-\u03b2-<small>D</small>-Gal-(1\u21924)-\u03b2-<small>D</small>-GlcNAc-(1\u21922)-\u03b1-<small>D</small>-Man-(1\u21926)]-\u03b2-<small>D</small>-Man-(1\u21924)-\u03b2-<small>D</small>-GlcNAc-(1\u21924)-[\u03b1-<small>L</small>-Fuc (1\u21926)]-\u03b2-<small>D</small>-GlcNAc-yl": "*[C@@H]1O[C@H](CO[C@@H]2O[C@@H](C)[C@@H](O)[C@@H](O)[C@@H]2O)[C@@H](O[C@@H]2O[C@H](CO[C@H]3O[C@H](CO)[C@@H](O)[C@H](O)[C@@H]3O[C@@H]3O[C@H](CO)[C@@H](O[C@@H]4O[C@H](CO)[C@H](O)[C@H](O[C@@H]5O[C@H](CO)[C@@H](O[C@@H]6O[C@H](CO)[C@H](O)[C@H](O)[C@H]6O)[C@H](O)[C@H]5NC(C)=O)[C@H]4O)[C@H](O)[C@H]3NC(C)=O)[C@@H](O)[C@H](O[C@H]3O[C@H](CO)[C@@H](O)[C@H](O)[C@@H]3O[C@@H]3O[C@H](CO)[C@@H](O[C@@H]4O[C@H](CO)[C@H](O)[C@H](O[C@]5(C(=O)O)C[C@H](O)[C@@H](NC(C)=O)[C@]([H])([C@H](O)[C@H](O)CO)O5)[C@H]4O)[C@H](O)[C@H]3NC(C)=O)[C@@H]2O)[C@H](O)[C@H]1NC(C)=O",
    "Ethyl": "*CC",
    "Benzyl": "*CC1=CC=CC=C1",
    "O": "*O",
    "CH2COOH": "*CC(=O)O",
    "COOH": "*C(=O)O",
    "Cl": "*Cl",
    "NH2": "*N",
    "F": "*F",
    "COOMe": "C(=O)OC",
    "-NO2": "*[N+](=O)[O-]",
    "H2C": "*C",
    "Br": "*Br",
    "OMe": "*OC",
    "CONH2": "*C(=O)N",
    "CH3": "*C",
    "CONHMe": "*C(=O)NC",
    "-NH2": "*N",
    "CH2OH": "*CO",
    "Me": "*C",
    "-Me": "*C",
    "OH": "*O",
    "tBu": "*C(C)(C)C",
    "NHSO2NMe2": "*NS(=O)ONCC",
    "CH2CF3": "*CC(F)(F)F",
    "CH2CHF2": "*CC(F)F",
    "CH2CH2F": "*CCF",
    "N": "*N",
    "CH(CH3)COOH": "*C(C)C(=O)O",
    "-CH3": "*C",
    "-F": "*F",
    "Si(CH3)3": "*[Si](C)(C)C",
    "CH3C(=O)": "*CC(=O)",
    "N(Me)2": "*N(C)C",
    "I": "*I",
    "Ph": "*c1ccccc1",
    "OCF3": "*OC(F)(F)F",
    "SF5": "*S(F)(F)(F)(F)F",
    "NHMe": "*NC",
    "N(Et)2": "*(CC)CC",
    "CH2": "*C",
    "NH": "*N",
    "N3": "*N=[N+]=[N-]",
    "NMe": "*NC",
    "CF3": "*C(F)(F)(F)",
    "SO2Me": "*S(=O)(=O)C",
    "NO2": "*[N+](=O)[O-]",
    "C": "*C",
    "CO2Me": "*C(=O)OC",
    "NMeSO2Me": "*NCS(=O)(=O)C",
    "NMeSO2Ph": "*NCS(=O)(=O)c1ccccc1",
    "Et": "*CC",
    "CN": "*CN",
    "Bpin": "",
    "CH3CO": "*CC(=O)",
    "H2C=CHCH2": "*CC=C",
    "C(O)C4H9": "*C(=O)CCCC",
    "CF3COO-": "*OC(=O)C(F)(F)F",
    "B(OH)2": "*B(O)O",
    "(CH2)8-COOH": "*CCCCCCCCC(=O)O",
    "-NH-phenyl": "*Nc1ccccc1",
    "N-Me": "*NC",
    "O-N=O": "*ON=O",
    "OEtOMe": "*OCCOC",
    "OCH3": "*OC",
    "CHO": "*C=O",
    "CH2CH2CH3": "*CCC",
    "C=O": "*C=O",
    "CCN(C)C": "*CCN(C)C",
    "CCCN(C)C": "*CCCN(C)C",
    "CCN(CC)CC": "*CCN(CC)CC",
    "CCCN(CC)CC": "*CCCN(CC)CC",
    "iPr": "*C(C)C",
    "Pr": "*CCC",
    "TBDMSO": "*[Si](C)(C)C(C)(C)CO",
    "iBu": "*CC(C)(C)",
    "CH2Pr": "*CBr",
    "C(Me)2CH2OH": "*C(C)CO",
    "CO2H": "*C(=O)O",
    "CH=CH-PO3H2": "P(C=C*)(O)(O)=O",
    "SMe": "*SC",
    "OiBu": "*OCC(C)(C)",
    "PO3H2": "P(*)(O)(O)=O",
    "CH2PO3H2": "P(C*)(O)(O)=O",
    "CONH(CH2)2PO3H2": "P(CCNC(=O)*)(O)(O)=O",
    "S(O)Me": "*S(O)C",
    "i-pr": "*C(C)C",
    "CH2CH3": "*CC",
    "n-Pr": "*CCC",
    "i-Bu": "*CC(C)(C)",
    "Bn": "*Cc1ccccc1",
    "-OH": "*O",
    "CF2H": "*C(F)F",
    "-NHMe": "*NC",
    "-NHEt": "*NCC",
    "-N(Me)2": "*N(C)C",
    "-NH(CH2)2OH": "*NCCO",
    "O=S=O-Ph": "*S(=O)(=O)c1ccccc1",
    "MeO2S": "*S(=O)(=O)C",
    "EtO2S": "*S(=O)(=O)CC",
    "MeS": "*SC",
    "S": "*S",
    "CC(=O)OS(=O)(=O)C": "*CC(=O)OS(=O)(=O)C",
    "Ot-Bu": "*OC(C)(C)C",
    "O-C-C": "*OCC",
    "-COOH": "*C(=O)O",
    "O(CF2)2CF3": "*OC(F)(F)C(F)(F)C(F)(F)F",
    "SO2(CH2)2CF3": "*S(=O)(=O)CCC(F)(F)F",
    "Me-*": "*C",
    "HO": "O",
    "H3C": "*C",
    "CH2COOCH3": "*CC(=O)OC",
    "OCHF2": "*OC(F)F",
    "-CH2CH2CH2Cl": "*CCCCl",
    "CONMe2": "*C(=O)N(C)C",
    "C(OMe)2": "*C(OC)OC",
    "PhCH2": "*Cc1ccccc1",
    "CONHNHBoc": "C(=O)NNC(=O)OC(C)(C)C",
    "-Br": "*Br",
    "NMe2": "*N(C)C",
    "-(CH2)2NH2": "*CCN",
    "-CH=C(CH3)COC2H5": "*C=C(C)C(=O)CC",
    "-CH=C(CH3)COCH2CH2CH3": "*C=C(C)C(=O)CCC",
    "CH2NHCOCH2N(CH3)2": "*CNC(=O)CN(C)C",
    "-CH2CH2OCH3": "*CCOC",
    "HOOCCH2CH2-": "*CCC(=O)O",
    "CC(C)C": "*CC(C)C",
    "MeO": "*CO",
    "SO2": "*S(=O)(=O)",
    "O=C": "*C=O",
    "C(OC)(OC)": "*C(OC)(OC)",
    "OTBDPS": "*O[Si](C1=CC=CC=C1)(C1=CC=CC=C1)(C)C(C)C",
    "CH2CN": "*CC#N",
    "F3C": "*C(F)(F)F",
    "O(CH2)2OCH3": "*OCCOC",
    "i-Pr": "*C(C)C",
    "NHBoc": "*NC(=O)OC(C)(C)C",
    "COO-": "*C(=O)[O-]",
    "OBu": "*OCCCC",
    "OCH2O": "*OCO",
    "CHMe2": "*C(C)C",
    "COOEt": "*C(=O)OCC",
    "(CH2)9CH3": "*CCCCCCCCCC",
    "(CH2)8CH3": "*CCCCCCCCC",
    "C11H23": "*CCCCCCCCCCC",
    "NHOH": "*NO",
    "CBr": "*CBr",
    "CCH3": "*CC",
    "CF3CH2": "*CC(F)(F)F",
    "Ph-": "*c1ccccc1",
    "CH2CH(CH3)2": "*CC(C)C",
    "C(O)CH3": "*C(O)C",
    "PhCH2CH2": "*CCc1ccccc1",
    "PhCH2CH2CH2": "*CCCc1ccccc1",
    "PhOCH2CH2": "*CCOc1ccccc1",
    "PhCH=CHCH2": "*CC=Cc1ccccc1",
    "PhCH2CH2CO": "*C(=O)CCc1ccccc1",
    "PhCH2OCO": "*OC(=O)Cc1ccccc1",
    "PhCH2NHCO": "*C(=O)NCc1ccccc1",
    "CH3CH2CH2CH2CH2": "*CCCCC",
    "CH3OCO": "*C(=O)OC",
    "CH3SO2": "*S(=O)(=O)C",
    "N+": "*N",
    "CH2F": "*CF",
    "CHF2": "*C(F)F",
    "CH2NMe2": "*CN(C)C",
    "-SO2Me": "*S(=O)(=O)C",
    "CCC": "*CCC",
    "CH(CH3)2": "*C(C)C",
    "CH3CO*": "*C(=O)C",
    "OCCH3": "*C(=O)C",
    "-N=N-O-C": "*N=NOC",
    "COOCH3": "*C(=O)OC",
    "SO2NHCOCH3": "*S(=O)(=O)NC(=O)C",
    "OEt": "*OCC",
    "CH2OCH3": "*COC",
    "C(CH3)2OH": "*C(C)(C)O",
    "NHiPr": "*NC(C)C",
    "CH2OMe": "*COC",
    "C(O)NH2": "*C(=O)N",
    "N=N-CH3": "*N=NC",
    "N=N-CH2CH3": "*N=NCC",
    "CONHPr": "C(=O)NCCC",
    "-CH2C6H5": "*Cc1ccccc1",
    "-N=C=O": "*N=C=O",
    "NNNNCCCCCC": "*NNNNCCCCCC",
    "CCCCCCCC": "*CCCCCCCC",
    "O(CH2)2CF3": "*OCCC(F)(F)F",
    "O(CH2)3SCH3": "*OCCCSC",
    "(CH2)21CH3": "*CCCCCCCCCCCCCCCCCCCCCC",
    "(CH2)24CH3": "*CCCCCCCCCCCCCCCCCCCCCCCCC",
    "-CH2CH3": "*CC",
    "-CH2COSCH3": "*CC(=O)SC",
    "-CH2CHCHCOOCH3": "*CC=CC(=O)OC",
    "=CH": "*=C",
    "=N": "*=N",
    "-SH": "*S",
    "CH2CCH": "*CC#C",
    "CH2CH2CF3": "*CCC(F)(F)F",
    "FCH2CH2-": "*CCF",
    "(CH3)2CHCH2-": "*CC(C)C",
    "PhCH2-": "*Cc1ccccc1",
    "CH3CH2CH2CH2-": "*CCCC",
    "-CH2CH2NH2": "*CCN",
    "(CH2)11CH3": "*CCCCCCCCCCCC",
    "(CH2)13CH3": "*CCCCCCCCCCCCCC",
    "-O-CH2-O-CH3": "*OCOC",
    "(CH2)15CH3": "*CCCCCCCCCCCCCCCC",
    "(CH2)17CH3": "*CCCCCCCCCCCCCCCCCC",
    "(CH2)19CH3": "*CCCCCCCCCCCCCCCCCCC",
    "TBDMS-O": "*[Si](C)(C)C(C)(C)CO",
    "N-Boc": "*NC(=O)OC(C)(C)C",
    "-CH(CH3)2": "*C(C)(C)",
    "NH2.2HCl": "*N",
    "-CF3": "*C(F)(F)F",
    "-CHF2": "*C(F)F",
    "COCH3": "*C(=O)C",
    "O-N": "*ON",
    "CH2CHO": "*C(=O)C",
    "-CH(CH3)C2N2": "*C(C)(C#N)C#N",
    "CH2NH2": "*CN",
    "TBDPSO": "*[Si](C1=CC=CC=C1)(C1=CC=CC=C1)(C)C(C)(C)O",
    "O2N": "*[N+](=O)[O-]",
    "PO(OMe)2": "*P(O)(OC)OC",
    "Cl-C": "*CCl",
    "(CH2)2OH": "*CCO",
    "-CH2-CH2-CH3": "*CCC",
    "-CH2Ph": "*Cc1ccccc1",
    "-CH2CH2Ph": "*CCc1ccccc1",
    "-CH2CH2CH2Ph": "*CCCc1ccccc1",
    "-CH2CH2CH(OCH3)Ph": "*CCC(OC)c1ccccc1",
    "OC(C)C-phenyl": "*OC(C)Cc1ccccc1",
    "O-Ph": "*Oc1ccccc1",
    "S-Ph": "*Sc1ccccc1",
    "-SO2NH2": "*S(=O)(=O)N",
    "O=S=O": "*S(=O)=O",
    "-CHO": "*C=O",
    "O=CO": "*C(=O)O",
    "CNCCN": "*CNCCN",
    "HO-CH2-": "*CO",
    "HO-CH(CH3)-": "*C(C)O",
    "HO-C(CH3)2-": "*C(C)(C)O",
    "CH3O-CH2-": "*COC",
    "CH3O-CH2-CH2-": "*CCOC",
    "CH3O-CH2-CH2-CH2-": "*CCCOC",
    "(CH3)2CHO-CH2-": "*COC(C)C",
    "FCH2-CH2O-CH2-": "*COCCF",
    "F2CH-CH2O-CH2-": "*COCC(F)F",
    "F2CH-S-CH2-": "*CSC(F)F",
    "-CH2COOCH3": "*CC(=O)OC",
    "-OMe": "*OC",
    "-CH2SAC": "*CSC(=O)C",
    "-CH2SH": "*CS",
    "CC": "*CC",
    "CCCC": "*CCCC",
    "C1CC1": "*C1CC1",
    "C1CCCCC1": "*C1CCCCC1",
    "CC1(C)CC1": "*CC1(C)CC1",
    "CC1CCC1(C)": "*CC1CCC1(C)",
    "CC#CC": "*CC#CC",
    "CC(C)(C)C": "*CC(C)(C)C",
    "-CH2CH2CH3": "*CCC",
    "-NHCH2CH3": "*NCC",
    "CH2CH=CH2": "*CC=C",
    "C(CH3)2CH=CH2": "*C(C)(C)C=C",
    "CH2C6H5": "*Cc1ccccc1",
    "O=C(O)CCCCCC": "O=C(O)CCCCCC*",
    "NC(=O)CCCCCC": "*NC(=O)CCCCCC",
    "-CH2OCH3": "*COC",
    "-OCH3": "*OC",
    "HOOC": "*C(=O)O",
    "CH(CH3)CH2CH3": "C(C)CC",
    "CH2CH2COOH": "*CCC(=O)O",
    "CH=N-N": "*C=NN",
    "(CH2)3COOH": "*CCCC(=O)O",
    "(CH2)3CH3": "*CCCC",
    "t-Bu": "*C(C)(C)C",
    "NH2CH2C(CH3)2CH2": "*CC(C)(C)CN",
    "NAc": "*NC(=O)C",
    "NCO2Me": "*NC(=O)OC",
    "-O-P(=O)([O-])[O-]": "*OP(=O)([O-])[O-]",
    "CH2CH2NH2": "*CCN",
    "CH2CH2OCH3": "*CCOC",
    "(CH2)2-NMe2": "*CCN(C)C",
    "(CH2)2-NEt2": "*CCN(CC)CC",
    "O=S(=O)N": "*S(=O)(=O)N",
    "O=S(=O)OH": "*S(=O)(=O)O",
    "SH": "*S",
    "OBn": "*OCc1ccccc1",
    "CC(=O)c1ccccc1F": "*CC(=O)c1ccccc1F",
    "c1ccccc1": "*c1ccccc1",
    "NH-Phenyl": "*Nc1ccccc1",
    "O=C-Ph": "*C(=O)c1ccccc1",
    "-Ph": "*c1ccccc1",
    "O=S-Ph": "*S(=O)c1ccccc1",
    "NHEt": "*NCC",
    "NH(CH2)2OH": "*N(CC)O",
    "-(CH2)3-OH": "*CCCO",
    "-CH2CH2OH": "*CCO",
    "-CH2CONH2": "*CC(=O)N",
    "-CH2OH": "*CO",
    "-CONH2": "*C(=O)N",
    "-CH(Me)CO2H": "*C(C)C(=O)O",
    "-CO2H": "*C(=O)O",
    "-CH2CO2H": "*CC(=O)O",
    "-C(=O)H": "*C(=O)",
    "CH2C(CH3)3": "*CC(C)(C)C",
    "O=CCH3": "*C(=O)C",
    "SO2CF3": "*S(=O)(=O)C(F)(F)F",
    "SO2NH2": "*S(=O)(=O)N",
    "C-NH2": "*CN",
    "CF3-S": "*SC(F)(F)F",
    "-SAc": "*SC(=O)C",
    "-CH2NH2": "*CN",
    "OPh": "*Oc1ccccc1",
    "CCC(C)C": "*CCC(C)C",
    "CCC(C)OH": "*CCC(C)O",
    "CCC(C)F": "*CCC(C)F",
    "CCCOC": "*CCCOC",
    "CC(O)C": "*CC(O)C",
    "CC(F)(F)F": "*CC(F)(F)F",
    "CCO": "*CCO",
    "COC": "*COC",
    "c1ccc(Cl)cc1": "*c1ccc(Cl)cc1",
    "c1cc(Cl)ccc1Cl": "*c1cc(Cl)ccc1Cl",
    "CC=C": "*CC=C",
    "c1ccc(Cl)c(Cl)c1": "*c1ccc(Cl)c(Cl)c1",
    "c1ccncc1": "*c1ccccc1",
    "c1ccc(C)cc1": "*c1ccc(C)cc1",
    "c1ccc(OC)cc1": "*c1ccc(OC)cc1",
    "c1ccc(F)cc1": "*c1ccc(F)cc1",
    "c1ccc(Br)cc1": "*c1ccc(Br)cc1",
    "c1ccc([N+](=O)[O-])cc1": "*c1ccc([N+](=O)[O-])cc1",
    "c1ccc(C(F)(F)F)cc1": "*c1ccc(C(F)(F)F)cc1",
    "c1cccc(C(F)(F)F)c1": "*c1cccc(C(F)(F)F)c1",
    "C(=O)NMe(OMe)": "*C(=O)N(OC)C",
    "C(=O)H": "*C(=O)",
    "CH3C=O": "*C(=O)C",
    "Cc1ccc(NC(=O)Cc2ccccc2)cc1": "*Cc1ccc(NC(=O)Cc2ccccc2)cc1",
    "Cc1ccc(NC(=O)Cc2ccc(F)cc2)cc1": "*Cc1ccc(NC(=O)Cc2ccc(F)cc2)cc1",
    "c1cccnc1": "*c1cccnc1",
    "c1cncnc1": "*c1cncnc1",
    "c1cc[nH]c1": "*c1cc[nH]c1",
    "c1cc[nH]n1": "*c1cc[nH]n1",
    "C(O)Me": "*C(=O)C",
    "-C": "*C",
    "-N": "*N",
    "ClCC": "*CCCl",
    "ClCF": "*C(F)Cl",
    "(CH2)4-N": "*CCCCN",
    "CCC(C)CC": "*CCC(C)CC",
    "CCCCNC(=O)": "*CCCCNC(=O)",
    "CCCCO": "*CCCCO",
    "CCCCOC(=O)": "*CCCCOC(=O)",
    "CC#N": "*CC#N",
    "CH3CH2CH2": "*CCC",
    "CH3CH2": "*CC",
    "CC(=O)c1ccccc1": "*CC(=O)c1ccccc1",
    "O=C-N(Ph)OH": "*C(=O)N(c1ccccc1)O",
    "O=C-N(Ph)OPh": "*C(=O)N(c1ccccc1)Oc2ccccc2",
    "O=CN": "*C(=O)N",
    "N(Me)": "*NC",
    "CH2-Ph": "*Cc1ccccc1",
    "OCOCH2OP(=O)(O-)O-": "*OCOCOP(=O)([O-])[O-]",
    "CH2Ph": "*Cc1ccccc1",
    "CH2COOEt": "*CC(=O)OCC",
    "CH2SAC": "*CSC(=O)C",
    "SAC": "*SC(=O)C",
    "CH2SH": "*CS",
    "CC1CC(C)(C)CC1": "*CC1CC(C)(C)CC1",
    "-CH=CH2": "*C=C",
    "CCC(O)C": "*CCC(O)C",
    "CCCCF": "*CCCCF",
    "CCCCOC": "*CCCCOC",
    "CCOC": "*CCOC",
    "C=CC(C)C": "*C=CC(C)C",
    "(C=O)H": "*C=O",
    "CH2N(Me)CHO": "*CN(C)C=O",
    "-B(OH)2": "*B(O)O",
    "-CH2-B(OH)2": "*CB(O)O",
    "CbzNH": "C1C(COC(N*)=O)=CC=CC=1",
    "OCH2Ph": "*OCc1ccccc1",
    "CC(=O)N(C)C": "*CC(=O)N(C)C",
    "OP(=O)([O-])[O-]": "*OP(=O)([O-])[O-]",
    "OP(=O)(O)O": "*OP(=O)(O)O",
    "C(=O)O": "*C(=O)O",
    "CH2C(=O)O": "*CC(=O)O",
    "C(=O)OH": "*C(=O)O",
    "C(O)OMe": "*C(=O)OC",
    "C(O)NHMe": "C(=O)NC",
    "H2N-": "*N",
    "CH3CH2NH-": "*NCC",
    "C(O)CH2Ph": "*C(=O)Cc1ccccc1",
    "CH2CH2NHC(O)CH3": "*CCNC(=O)C",
    "S(CH2)CO2H": "SCC(=O)O",
    "NH(C=NH)NHOH": "*N(C=N)NO",
    "CH=CHSO2F": "*C=CS(=O)(=O)F",
    "CH2CH2SO2F": "*CCS(=O)(=O)F",
    "(CH2)3SO2F": "*CCCS(=O)(=O)F",
    "CH2OPh": "COc1ccccc1",
    "C(F)(F)S(F)(F)(F)": "*C(F)(F)S(F)(F)(F)",
    "O=S(=O)C": "*S(=O)(=O)C",
    "-(CH2)2OH": "*CCO",
    "-(CH2)3OH": "*CCCO",
    "-C(=O)CHS": "C(=O)CS",
    "-C(=O)CH2Ph": "*C(=O)Cc1ccccc1",
    "OtBu": "*OC(C)(C)C",
    "-SO3H": "*S(=O)(=O)O",
    "SO3-": "*S(=O)(=O)[O-]",
    "OP(=O)([O-])O": "*OP(=O)([O-])O",
    "-Cl": "*Cl",
    "-NAc": "*NC(C)(C)C",
    "-NCO2Me": "*C(=O)OC",
    "NC-c1cnn[nH]1": "*NCc1cnn[nH]1",
    "Cc1ccn[nH]1": "*Cc1ccn[nH]1",
    "CCc1cn[nH]1": "*CCc1cnn1",
    "CCCCc1cn[nH]1": "*CCCCc1cnn1",
    "COc1ccccc1": "*COc1ccccc1",
    "C(O)CH2-iPr": "*C(=O)CC(C)C",
    "C(O)CH2C(OH)Me2": "*C(=O)CC(O)(C)C",
    "C(O)(CH2)2Ph": "*C(=O)CCc1ccccc1",
    "O(CH2)4-NH2": "*OCCCCN",
    "CH2CH2CH2CH2CH2CH2CH3": "*CCCCCCC",
    "-(CH2)4CH3": "*CCCCC",
    "-(CH2)2CH3": "*CCC",
    "-(CH2)3CH3": "*CCCC",
    "-(CH2)2-C(=O)NH-(CH2)4CH3": "*CCC(=O)NCCCCC",
    "-CH2-C(=O)NH-(CH2)3CH3": "*CC(=O)NCCCC",
    "CH(CH3)CH2I": "*C(C)CI",
    "NH-NH-OH": "*NNO",
    "NBoc": "*NC(=O)OC(C)(C)C",
    "HO-PO3--": "*P(=O)([O-])OO",
    "COOME": "*C(=O)OC",
    "-N(CH3)2": "*N(C)C",
    "-N(CH3)CH2CH2OCH3": "*N(C)CCOC",
    "-N(CH3)CH2CH2CH2OCH3": "*N(C)CCCOC",
    "-NHCH2CH2OCH3": "*NCCOC",
    "-NHCH2CH2CH2OCH3": "*NCCCOC",
    "N=C-CH2-O-": "*OCC=N",
    "N=C-NH-": "*NC=N",
    "H2N-C(=NH)-NH-": "*NC(=N)N",
    "N=C-CH2-": "*CC=N",
    "N#C-CH2-": "*CC#N",
    "CH2-Phenyl": "*Cc1ccccc1",
    "CH2NHC(=O)NH2": "*CNC(=O)N",
    "H3CO*": "*OC",
    "CH3OCH2CH2": "*CCOC",
    "c1ccccc1CO": "*C(=O)c1ccccc1",
    "c1ccccc1CH2O": "*OCc1ccccc1",
    "CH2C(=O)": "*CC(=O)",
    "SO2CH3": "*S(=O)(=O)C",
    "-COO-": "*C(=O)[O-]",
    "-COCH3": "*C(=O)C",
    "-CN": "*C#N",
    "O(CH2)2OH": "*OCCO",
    "-CH(CH3)CH2CH3": "*C(C)CC",
    "-O-CH2-phenyl": "*OCc1ccccc1",
    "S(=O)(=O)CF3": "*S(=O)(=O)C(F)(F)F",
    "OC(C)c1ccc(C)cc1": "*OC(C)c1ccc(C)cc1",
    "CC(=N)N": "*CC(=N)N",
    "CCN": "*CCN",
    "NHC(=O)": "*NC=O",
    "NHCH2CH2NHC(=O)": "*NCCNC=O",
    "NHCH2CH2NH2": "*NCCN",
    "O=C-C(C)(C)-C": "*C(=O)C(C)(C)C",
    "C(F)(F)C(=O)O": "*C(F)(F)C(=O)O",
    "CC(=O)O": "*CC(=O)O",
    "CH3NH": "*NC",
    "CH3CH2NH": "*NCC",
    "(CH3)2N": "*N(C)C",
    "N-Ph": "*Nc1ccccc1",
    "HOCH2CHCH3": "*C(C)CO",
    "-NHCH3": "*NC",
    "CO2Et": "*C(=O)OCC",
    "CC(=O)c1ccc(F)cc1F": "*CC(=O)c1ccc(F)cc1F",
    "Cc1ccncc1": "*Cc1ccccc1",
    "C2H4OH": "*CCO",
    "CH(CH3)OH": "*C(C)O",
    "CH2SCF3": "*CSC(F)(F)F",
    "(CH2)3OH": "*CCCO",
    "NH2-N=N-C=N-NH2": "*C(=NN)N=NN",
    "C1CN(CCO)C1": "*C1CN(CCO)C1",
    "C1CN(CC(=O)NC(C)C(N)O)C1": "*C1CN(CC(=O)NC(C)C(N)O)C1",
    "C1CN(CCN)C1": "*C1CN(CCN)C1",
    "-CH(COOH)-CH2-NH2": "*C(C(=O)O)CN",
    "CH2C(Me)(OH)2": "*CC(C)(O)O",
    "CH2C(Me)2O": "*CC(C)(C)O",
    "HO(CH2)4O": "*OCCCCO",
    "ClCH2CH2NH(CH2)4O": "*OCCCCNCCCl",
    "ClCH2CH2NH(CH2)5O": "*OCCCCCNCCCl",
    "ClCH2CH2NH(CH2)6O": "*OCCCCCCNCCCl",
    "ClCH2CH2NH(CH2)7O": "*OCCCCCCCNCCCl",
    "HOCH2(C=O)NHCH2CH(OH)CH2O": "*OC(O)CCN(C=O)CO",
    "HOCH2CH(OH)CH2NHC(=O)CH(N)CH2CH2O": "*OCCC(N)C(=O)NCC(O)CO",
    "HS": "*S",
    "HOCH2CH2NH": "*NCCO",
    "(CH3)2CHCH2NH": "*NCC(C)C",
    "C(CH3)3": "*C(C)(C)C",
    "CH2CH2CONH2": "*CCC(=O)N",
    "CH3CH2SO2": "*S(=O)(=O)CC",
    "-CH2CH(OH)CH2NH2": "*CC(O)CN",
    "-CH2-O-CH2-NH2": "*COCN",
    "-CH2NHCH3": "*CNC",
    "OSO2NH2": "*OS(=O)(=O)N",
    "(CH2)2CH3": "*CCC",
    "(CH2)5CH3": "*CCCCCC",
    "N-C(=O)-C2CC2": "*NC(=O)C1CC1",
    "N-C(=O)-C2CC2-O": "*NC(=O)C1CC1O",
    "N-C(=O)-C2(C)CC2": "*NC(=O)C1(C)CC1",
    "N-C(=O)C2CC2": "*NC(=O)C1CC1",
    "N-C2CC2": "*NC1CC1",
    "c1ccc(Cl)c(C)c1": "*c1ccc(Cl)c(C)c1",
    "c1ccc(Cl)cc1C=O": "*c1ccc(Cl)cc1C=O",
    "c1ccc(I)cc1": "*c1ccc(I)cc1",
    "CH2CH=C(CH3)2": "*CC=C(C)C",
    "CH2CH2CHO": "*CCC=O",
    "SO2CH2CH3": "*S(=O)(=O)CC",
    "CC12CC(O1)C(O)C2": "*CC12CC(O1)C(O)C2",
    "PO4H2": "*P(=O)(O)O",
    "COO-tBu": "*C(=O)OC(C)(C)C",
    "C#C-C(=O)O": "*C#CC(=O)O",
    "CH2CONH2": "*CC(=O)N",
    "CF3COO": "*C(=O)OC(F)(F)F",
    "O(CH2)4-N": "*OCCCCN",
    "NH2CH2C(=O)c1ccccc1": "NCC(=O)c1ccccc1*",
    "O=C-CH2-phenyl": "*C(=O)Cc1ccccc1",
    "-CH2C(=O)NH2": "*CC(=O)N",
    "NHS(=O)2-phenyl": "*NS(=O)(=O)c1ccccc1",
    "-C(=O)NH-phenyl": "*C(=O)Nc1ccccc1",
    "-N-N-phenyl": "*NNc1ccccc1",
    "C6H5": "*c1ccccc1",
    "O(CH2)2CH3": "*OCCC",
    "OCCCCC(C)C": "*OCCCCC(C)C",
    "OCCCCCCCC(C)C": "*OCCCCCCCC(C)C",
    "ClS(=O)O": "ClS(=O)O*",
    "ClC1=CC=C(C(F)(F)F)C=C1N": "ClC1=CC=C(C(F)(F)F)C=C1N*",
    "NC": "*C#N",
    "c1ccc(NC)cc1": "*c1ccc(NC)cc1",
    "c1ccncc1NC": "*c1ccncc1NC",
    "c1cc[nH]c1NC": "*c1cc[nH]c1NC",
    "Me2N": "*N(C)C",
    "CC(O)C(F)(F)F": "*CC(O)C(F)(F)F",
    "CC(N)=O": "*CC(N)=O",
    "CC(NC)=O": "*CC(NC)=O",
    "O=C(O)Ph": "*C(=O)Oc1ccccc1",
    "O=S(=O)Ph": "*S(=O)(=O)c1ccccc1",
    "N=NCH3": "*N=NC",
    "CH2CH2OH": "*CCO",
    "(CH2)4OH": "*CCCCO",
    "CH2CH(OH)C6H5": "*CC(O)c1ccccc1",
    "(CH2)4OCH3": "*CCCCOC",
    "(CH2)6OH": "*CCCCCCO",
    "(CH3)2CH": "*C(C)C",
    "Cc1ccccc1": "*Cc1ccccc1",
    "Cc1ccc(F)cc1": "*Cc1ccc(F)cc1",
    "c1ccc(O)cc1": "*c1ccc(O)cc1",
    "O-CH2-CH2-OH": "*OCCO",
    "O-CH2-CH(OH)-CH3": "*OCC(O)C",
    "O-CH(CH3)-CH2-OH": "*C(C)CO",
    "O-CH2-C(CH3)2-OH": "*OCC(C)(C)O",
    "O-CH2-CF2-CHF2": "*OCC(F)(F)C(F)(F)",
    "S-CH2-CF2-CHF2": "*SCC(F)(F)C(F)(F)",
    "C(Me)=NMe": "*C(C)=NC",
    "-O-C(=O)-F": "*OC(=O)F",
    "-C(CH3)(NH)C#N": "*C(C)(N)C#N",
    "-CH2-c1cnn[nH]1": "*Cc1cnn[nH]1",
    "-CH2-c1ncc[nH]1": "*Cc1ncc[nH]1",
    "(CH3)2C(OH)": "*C(C)(C)O",
    "-CH2CH2N(CH3)2": "*CCN(C)C",
    "-CH2CH2N": "*CCN",
    "-CH2CH2O": "*CCO",
    "CH2CH=C(CH3)CH2CH2OH": "*CC=C(C)CCO",
    "H2N-N": "*NN",
    "CH2OSO3": "*COS(=O)(=O)O",
    "OSO3": "*OS(=O)(=O)O",
    "NHCH3": "*NC",
    "CH2CH2C(=O)NH2": "*CCC(=O)N",
    "CC#C": "*CC#C",
    "CCN1CC(=O)C1=O": "*CCN1CC(=O)C1=O",
    "MeSO2": "*S(=O)(=O)C",
    "EtSO2": "*S(=O)(=O)CC",
    "c1ccc(OCCNCN)cc1": "*c1ccc(OCCNCN)cc1",
    "O-C1=CC=CC=C1": "*Oc1ccccc1",
    "-CH2NHCH2CH3": "*CNCC",
    "-CH2CH=CH2": "*CC=C",
    "c1ccsc1": "*c1ccsc1",
    "c1cscn1": "*c1cscn1",
    "O=C-O-CH2CH2CH2CH2CH3": "*C(=O)OCCCCC",
    "C1CCC1": "*C1CCC1",
    "-CH2OCH2NH2": "*COCN",
    "-CH2NHCOCH3": "*CNC(=O)C",
    "BocHN": "*NC(=O)OC(C)(C)C",
    "O=CN(C)C": "*C(=O)N(C)C",
    "(CH3)2CHCH2": "*CC(C)C",
    "N-C(=O)-C": "*NC(=O)C",
    "N-C(=O)-O": "*NC(=O)O",
    "N-C(=O)": "*NC(=O)",
    "N-C": "*NC",
    "N-O": "*NO",
    "O=C-C": "*C(=O)C",
    "O-C": "*OC",
    "SF3": "*S(F)(F)F",
    "OC(=O)C(C)C": "*OC(=O)C(C)C",
    "CH(OH)CH3": "*C(O)C",
    "H3CO": "*OC",
    "CH2-C(=O)-NH-CH(OH)-CH2OH": "*CC(=O)NC(O)CO",
    "CH3CH2CH2CH2": "*CCCC",
    "CH3(CH2)5CH2": "*CCCCCCC",
    "COMe": "*COC",
    "-OSO3H": "*OS(=O)(=O)O",
    "-NHCH2CH2NHCOCH3": "*NCCNC(=O)C",
    "-CH2CH2NHC(O)CH3": "*CCNC(=O)C",
    "-C(CH3)2": "*C(C)C",
    "CH2-C(O)-OH": "*CC(=O)O",
    "CH2-C(O)-O-": "*CC(=O)[O-]",
    "CH3CH2CH2O": "*OCCC",
    "CH3CH2O": "*OCC",
    "C(F)3": "*C(F)(F)F",
    "N=CN": "*N=CN",
    "CH2NHMe": "*CNC",
    "C#C-C(=O)NHCH2CH3": "*C#CC(=O)NCC",
    "OCH2CH3": "*OCC",
    "CH2N(CH3)2": "*CN(C)C",
    "CH2CH2N(CH3)2": "*CCN(C)C",
    "(CH)8-COOH": "*CCCCCCCCC(=O)O",
    "CH2CH2CH2CH3": "*CCCC",
    "N=CCN": "*N=CCN",
    "N1CCCN1": "*N1CCCN1",
    "C1COC(CN)O1": "*C1COC(CN)O1",
    "C1CCN(CN)O1": "*C1CCN(CN)O1",
    "OC(=O)N": "*OC(=O)N",
    "CCCCC": "*CCCCC",
    "CCCCCCC": "*CCCCCCC",
    "OC(=O)CC": "*OC(=O)CC",
    "(CH3)2CHCH2CH2CH2CH(CH3)CH2CH2": "*CCC(C)CCCC(C)(C)",
    "N(CC)CC": "*N(CC)CC",
    "CH=CHPO3H2": "*C=CP(=O)(O)O",
    "OCCCCCC(C)C": "*OCCCCCC(C)C",
    "c1ccc(N2C=CC=N2)cc1": "*c1ccc(N2C=CC=N2)cc1",
    "c1ccc(N2C=NC=N2)cc1": "*c1ccc(N2C=NC=N2)cc1",
    "c1cnc[nH]1": "*c1cnc[nH]1",
    "(CH2)4CHCH2": "*CCCCC=C",
    "O=S(Ph)O": "*S(=O)(c1ccccc1)O",
    "N=C(N)NPh": "*N=C(N)Nc1ccccc1",
    "MeO2C": "*C(=O)OC",
    "CC(C(F)(F)F)O": "*CC(C(F)(F)F)O",
    "Nc1ccccc1": "*Nc1ccccc1",
    "Nc1cccc(Cl)c1": "*Nc1cccc(Cl)c1",
    "Nc1cccc(Cl)c1OC": "*Nc1cccc(Cl)c1OC",
    "Nc1cccc(Cl)c1OC(CH3)2CH3": "*Nc1cccc(Cl)c1OC(C)(C)C",
    "N1CCOCC1=O": "*N1CCOCC1=O",
    "AcHN": "*NC(C)(C)C",
    "(CH2)2Me": "*CCC",
    "-N-F": "*NF",
    "-N-Me": "*NC",
    "OPO32-": "*OP(=O)([O-])[O-]",
    "O=C-O-CH3": "*C(=O)OC",
    "O=S(=O)-CH3": "*S(=O)(=O)C",
    "O-CH2-C(CH3)2": "*OCC(C)C",
    "O-CH2-CH2-O-CH2-C(CH3)2": "*OCCOCC(C)C",
    "O-CH2-CH2-O-C(CH3)2": "*OCCOC(C)C",
    "O-CH2-CH2-O-CF2-CH2-F": "*OCCOC(F)(F)CF",
    "O-CH2-CF2-O-CH2-CF3": "*OCC(F)(F)OCC(F)(F)F",
    "S-CH2-CF2-O-CH2-CF3": "*SCC(F)(F)OCC(F)(F)F",
    "-CH2-C(=O)NH2": "*CC(=O)N",
    "O=C-C=C": "O=CC=C*",
    "O=S(=O)-C=C": "*S(=O)(=O)C=C",
    "N=C=C": "*N=C=C"
}